Order_ID,Order_Date,Customer_ID,Region,Category,Product,Quantity,Unit_Price,Discount,Revenue,Cost,Profit,Payment_Method
ORD00001,2025-04-29,CUST0374,North,Office Supplies,Stapler,8,1142.42,0.16,7677.06,5494.18,2182.88,Debit Card
ORD00002,2025-12-11,CUST0401,South,Accessories,Mouse,9,1417.21,0.01,12627.34,8800.64,3826.7,Credit Card
ORD00003,2025-11-18,CUST0328,South,Electronics,Monitor,7,70.24,0.17,408.09,226.11,181.98,UPI
ORD00004,2025-03-18,CUST0490,North,Office Supplies,Stapler,2,1122.7,0.01,2222.95,1354.44,868.51,Debit Card
ORD00005,2024-06-19,CUST0424,South,Office Supplies,Stapler,8,360.41,0.03,2796.78,1333.88,1462.9,UPI
ORD00006,2025-01-31,CUST0210,North,Accessories,USB Hub,7,486.63,0.13,2963.58,2153.79,809.79,Net Banking
ORD00007,2024-05-20,CUST0274,East,Electronics,Laptop,2,56.11,0.22,87.53,40.04,47.49,UPI
ORD00008,2025-11-27,CUST0272,West,Electronics,Keyboard,4,97.97,0.02,384.04,177.87,206.17,UPI
ORD00009,2025-11-19,CUST0003,Central,Office Supplies,Notebook,9,517.83,0.13,4054.61,2863.75,1190.86,Debit Card
ORD00010,2025-12-05,CUST0437,North,Furniture,Cabinet,2,458.54,0.06,862.06,400.63,461.43,UPI
ORD00011,2024-03-01,CUST0485,East,Office Supplies,Notebook,9,1025.88,0.05,8771.27,6863.4,1907.87,Net Banking
ORD00012,2024-08-13,CUST0153,West,Office Supplies,Printer Paper,7,1321.1,0.24,7028.25,4312.47,2715.78,Net Banking
ORD00013,2025-05-07,CUST0366,South,Office Supplies,Stapler,8,1415.24,0.16,9510.41,6302.62,3207.79,UPI
ORD00014,2025-05-31,CUST0261,North,Office Supplies,Printer Paper,9,346.32,0.05,2961.04,2140.4,820.64,Credit Card
ORD00015,2025-11-20,CUST0338,North,Accessories,USB Hub,4,1492.46,0.04,5731.05,3373.78,2357.27,Net Banking
ORD00016,2024-11-24,CUST0068,Central,Electronics,Keyboard,3,352.17,0.06,993.12,633.55,359.57,Debit Card
ORD00017,2024-07-13,CUST0409,South,Accessories,USB Hub,9,598.93,0.07,5013.04,3092.23,1920.81,Net Banking
ORD00018,2024-08-13,CUST0472,West,Accessories,Webcam,9,507.0,0.23,3513.51,2485.19,1028.32,UPI
ORD00019,2024-02-06,CUST0316,Central,Accessories,Webcam,8,1049.66,0.01,8313.31,5290.68,3022.63,Net Banking
ORD00020,2024-04-24,CUST0186,East,Office Supplies,Notebook,1,111.05,0.22,86.62,54.62,32.0,Net Banking
ORD00021,2024-08-03,CUST0147,West,Furniture,Cabinet,2,824.79,0.22,1286.67,909.51,377.16,Credit Card
ORD00022,2024-12-21,CUST0191,East,Electronics,Keyboard,9,514.33,0.06,4351.23,3374.52,976.71,Debit Card
ORD00023,2024-01-31,CUST0023,South,Furniture,Cabinet,7,1324.82,0.24,7048.04,4319.85,2728.19,Debit Card
ORD00024,2025-12-18,CUST0077,Central,Accessories,Laptop Stand,5,1120.39,0.04,5377.87,3959.66,1418.21,Net Banking
ORD00025,2024-01-17,CUST0360,South,Accessories,USB Hub,2,444.82,0.15,756.19,599.97,156.22,Net Banking
ORD00026,2025-03-30,CUST0074,North,Furniture,Cabinet,8,1231.65,0.03,9557.6,5248.75,4308.85,Net Banking
ORD00027,2024-08-29,CUST0324,East,Furniture,Chair,5,171.71,0.23,661.08,456.65,204.43,Net Banking
ORD00028,2024-04-29,CUST0210,South,Furniture,Desk,6,1068.69,0.12,5642.68,2653.6,2989.08,Debit Card
ORD00029,2024-01-29,CUST0395,North,Accessories,Laptop Stand,4,978.41,0.15,3326.59,1943.61,1382.98,Debit Card
ORD00030,2024-10-11,CUST0004,North,Accessories,USB Hub,3,393.71,0.0,1181.13,597.21,583.92,UPI
ORD00031,2024-05-09,CUST0175,West,Electronics,Laptop,9,262.16,0.2,1887.55,1307.67,579.88,Debit Card
ORD00032,2024-01-21,CUST0303,Central,Electronics,Keyboard,3,1427.28,0.04,4110.57,2471.76,1638.81,UPI
ORD00033,2025-07-23,CUST0380,South,Accessories,Laptop Stand,6,1144.94,0.11,6113.98,3418.83,2695.15,Credit Card
ORD00034,2024-07-26,CUST0027,West,Furniture,Bookshelf,1,984.47,0.09,895.87,674.16,221.71,Debit Card
ORD00035,2025-07-15,CUST0500,East,Furniture,Desk,1,154.92,0.04,148.72,90.54,58.18,Credit Card
ORD00036,2025-06-10,CUST0153,North,Electronics,Headphones,5,1369.52,0.24,5204.18,2679.69,2524.49,Debit Card
ORD00037,2025-12-26,CUST0117,South,Accessories,Laptop Stand,4,656.85,0.05,2496.03,1552.68,943.35,Net Banking
ORD00038,2024-12-31,CUST0495,East,Electronics,Headphones,1,37.2,0.02,36.46,21.42,15.04,Credit Card
ORD00039,2025-11-21,CUST0088,North,Electronics,Laptop,1,1429.92,0.23,1101.04,774.58,326.46,Credit Card
ORD00040,2024-04-01,CUST0148,North,Office Supplies,Pen Set,9,864.94,0.0,7784.46,4817.22,2967.24,Debit Card
ORD00041,2025-08-11,CUST0116,South,Office Supplies,Pen Set,2,503.16,0.13,875.5,420.9,454.6,Debit Card
ORD00042,2024-05-22,CUST0482,South,Office Supplies,Stapler,2,1466.65,0.05,2786.64,1930.08,856.56,UPI
ORD00043,2024-01-09,CUST0262,North,Furniture,Cabinet,1,1428.29,0.03,1385.44,1058.03,327.41,UPI
ORD00044,2024-11-13,CUST0084,East,Accessories,USB Hub,9,1069.41,0.22,7507.26,5254.56,2252.7,UPI
ORD00045,2025-05-29,CUST0127,North,Accessories,USB Hub,4,838.44,0.15,2850.7,2064.88,785.82,Net Banking
ORD00046,2024-10-27,CUST0243,South,Accessories,Webcam,2,109.32,0.06,205.52,103.96,101.56,UPI
ORD00047,2024-10-14,CUST0307,West,Accessories,USB Hub,4,1121.53,0.22,3499.17,2105.73,1393.44,Debit Card
ORD00048,2024-02-28,CUST0131,West,Office Supplies,Printer Paper,2,986.83,0.08,1815.77,1161.85,653.92,Debit Card
ORD00049,2024-11-27,CUST0305,Central,Furniture,Bookshelf,3,346.43,0.1,935.36,487.56,447.8,UPI
ORD00050,2025-06-15,CUST0444,South,Furniture,Chair,8,649.73,0.09,4730.03,2742.77,1987.26,Credit Card
ORD00051,2025-07-31,CUST0335,South,Office Supplies,Stapler,9,669.15,0.18,4938.33,3063.41,1874.92,Net Banking
ORD00052,2024-09-24,CUST0131,Central,Furniture,Chair,7,429.71,0.15,2556.77,1966.99,589.78,Debit Card
ORD00053,2025-04-22,CUST0087,South,Office Supplies,Pen Set,5,1105.01,0.03,5359.3,3754.4,1604.9,Net Banking
ORD00054,2024-11-13,CUST0316,Central,Accessories,Webcam,2,287.85,0.21,454.8,283.02,171.78,UPI
ORD00055,2024-05-24,CUST0379,North,Office Supplies,Printer Paper,8,877.53,0.17,5826.8,2816.33,3010.47,Credit Card
ORD00056,2025-04-04,CUST0440,West,Accessories,Laptop Stand,2,1289.82,0.0,2579.64,1692.1,887.54,Credit Card
ORD00057,2024-12-26,CUST0257,Central,Accessories,USB Hub,3,674.2,0.08,1860.79,1129.63,731.16,Net Banking
ORD00058,2024-04-16,CUST0421,Central,Electronics,Headphones,1,393.74,0.09,358.3,208.81,149.49,Net Banking
ORD00059,2025-12-19,CUST0390,West,Office Supplies,Notebook,1,1269.37,0.2,1015.5,665.02,350.48,UPI
ORD00060,2024-01-20,CUST0282,Central,Electronics,Laptop,4,419.23,0.01,1660.15,1055.7,604.45,Credit Card
ORD00061,2025-11-21,CUST0206,West,Office Supplies,Stapler,3,689.25,0.23,1592.17,892.66,699.51,Debit Card
ORD00062,2024-08-04,CUST0306,Central,Office Supplies,Pen Set,5,730.25,0.17,3030.54,1382.18,1648.36,Credit Card
ORD00063,2024-05-30,CUST0384,Central,Electronics,Keyboard,8,783.08,0.12,5512.88,3767.52,1745.36,Net Banking
ORD00064,2024-05-08,CUST0264,Central,Electronics,Headphones,2,318.74,0.17,529.11,417.72,111.39,Net Banking
ORD00065,2024-04-28,CUST0218,East,Office Supplies,Printer Paper,5,1445.75,0.06,6795.02,4631.29,2163.73,Debit Card
ORD00066,2025-08-10,CUST0475,North,Furniture,Chair,2,381.34,0.21,602.52,453.46,149.06,Debit Card
ORD00067,2024-10-30,CUST0069,North,Accessories,Laptop Stand,1,908.9,0.24,690.76,510.74,180.02,Debit Card
ORD00068,2025-11-11,CUST0089,Central,Electronics,Monitor,2,1499.13,0.01,2968.28,2350.91,617.37,Credit Card
ORD00069,2025-10-05,CUST0102,East,Accessories,Mouse,9,181.48,0.16,1371.99,984.84,387.15,Debit Card
ORD00070,2025-10-02,CUST0344,North,Furniture,Chair,2,1319.28,0.08,2427.48,1830.6,596.88,Credit Card
ORD00071,2025-08-27,CUST0473,North,Furniture,Bookshelf,1,562.36,0.1,506.12,350.95,155.17,Credit Card
ORD00072,2025-09-13,CUST0462,South,Furniture,Cabinet,1,677.74,0.0,677.74,444.24,233.5,Debit Card
ORD00073,2025-03-29,CUST0412,Central,Electronics,Monitor,9,582.08,0.22,4086.2,2581.17,1505.03,Credit Card
ORD00074,2024-10-26,CUST0228,East,Furniture,Chair,9,582.69,0.1,4719.79,3082.31,1637.48,Net Banking
ORD00075,2024-01-21,CUST0407,East,Electronics,Keyboard,6,1125.38,0.18,5536.87,3501.69,2035.18,UPI
ORD00076,2024-11-19,CUST0277,Central,Furniture,Cabinet,5,1349.09,0.06,6340.72,4910.65,1430.07,Debit Card
ORD00077,2025-05-08,CUST0027,Central,Accessories,USB Hub,2,266.17,0.15,452.49,286.46,166.03,UPI
ORD00078,2024-01-02,CUST0433,Central,Accessories,Laptop Stand,3,879.78,0.02,2586.55,1813.62,772.93,Net Banking
ORD00079,2024-02-08,CUST0397,North,Office Supplies,Printer Paper,9,793.27,0.03,6925.25,5199.45,1725.8,Debit Card
ORD00080,2025-01-19,CUST0172,Central,Accessories,Mouse,8,1445.13,0.12,10173.72,7448.15,2725.57,Debit Card
ORD00081,2024-01-26,CUST0009,South,Office Supplies,Stapler,7,964.22,0.13,5872.1,3862.31,2009.79,Net Banking
ORD00082,2024-06-02,CUST0347,Central,Accessories,Webcam,9,1262.99,0.23,8752.52,5021.3,3731.22,Net Banking
ORD00083,2024-05-25,CUST0403,West,Electronics,Monitor,8,1237.47,0.11,8810.79,6023.43,2787.36,Debit Card
ORD00084,2024-08-13,CUST0161,Central,Accessories,Mouse,7,888.18,0.04,5968.57,4225.19,1743.38,Credit Card
ORD00085,2025-10-11,CUST0457,Central,Office Supplies,Printer Paper,5,970.12,0.15,4123.01,2644.27,1478.74,Credit Card
ORD00086,2025-07-07,CUST0374,Central,Office Supplies,Notebook,9,1481.92,0.03,12937.16,8969.34,3967.82,UPI
ORD00087,2025-08-02,CUST0218,South,Furniture,Desk,1,43.42,0.09,39.51,29.1,10.41,Net Banking
ORD00088,2025-10-09,CUST0353,East,Electronics,Keyboard,4,146.77,0.22,457.92,236.81,221.11,Debit Card
ORD00089,2025-05-31,CUST0428,East,Accessories,Mouse,7,122.75,0.13,747.55,354.09,393.46,Net Banking
ORD00090,2025-01-15,CUST0058,East,Furniture,Desk,8,1322.52,0.16,8887.33,5657.1,3230.23,Debit Card
ORD00091,2024-12-19,CUST0471,West,Accessories,Webcam,2,1491.33,0.17,2475.61,1597.32,878.29,Net Banking
ORD00092,2024-11-06,CUST0208,South,Accessories,Webcam,4,1443.27,0.16,4849.39,3463.4,1385.99,Debit Card
ORD00093,2025-10-09,CUST0468,East,Furniture,Chair,9,1236.27,0.0,11126.43,6178.49,4947.94,Net Banking
ORD00094,2024-09-04,CUST0364,North,Furniture,Chair,7,610.99,0.04,4105.85,3273.88,831.97,Credit Card
ORD00095,2024-06-09,CUST0272,West,Furniture,Chair,5,157.54,0.06,740.44,537.39,203.05,Debit Card
ORD00096,2025-07-31,CUST0361,Central,Furniture,Cabinet,2,113.4,0.03,220.0,116.51,103.49,Debit Card
ORD00097,2025-02-10,CUST0154,West,Furniture,Bookshelf,9,839.63,0.08,6952.14,4094.42,2857.72,Debit Card
ORD00098,2024-04-10,CUST0244,South,Accessories,USB Hub,6,1380.7,0.12,7290.1,5812.07,1478.03,Net Banking
ORD00099,2024-08-03,CUST0490,East,Furniture,Bookshelf,1,192.22,0.2,153.78,89.69,64.09,Net Banking
ORD00100,2024-05-09,CUST0419,South,Electronics,Keyboard,4,1231.73,0.08,4532.77,2076.07,2456.7,Debit Card
ORD00101,2024-10-15,CUST0164,North,Office Supplies,Pen Set,2,968.64,0.21,1530.45,759.69,770.76,Debit Card
ORD00102,2024-01-25,CUST0141,Central,Furniture,Cabinet,6,1247.41,0.08,6885.7,5394.8,1490.9,Debit Card
ORD00103,2024-01-12,CUST0288,West,Furniture,Cabinet,5,58.2,0.03,282.27,222.17,60.1,Credit Card
ORD00104,2024-02-12,CUST0254,South,Accessories,USB Hub,4,670.48,0.03,2601.46,1754.14,847.32,Net Banking
ORD00105,2024-12-10,CUST0130,East,Furniture,Bookshelf,3,591.96,0.14,1527.26,789.78,737.48,Debit Card
ORD00106,2024-05-28,CUST0329,West,Furniture,Desk,8,460.09,0.11,3275.84,1669.8,1606.04,Debit Card
ORD00107,2025-09-06,CUST0040,North,Furniture,Chair,3,283.09,0.17,704.89,469.68,235.21,Credit Card
ORD00108,2025-11-20,CUST0063,Central,Accessories,USB Hub,4,277.15,0.16,931.22,695.44,235.78,Net Banking
ORD00109,2025-08-20,CUST0133,South,Furniture,Bookshelf,3,564.28,0.1,1523.56,1126.88,396.68,Debit Card
ORD00110,2025-02-26,CUST0389,North,Office Supplies,Stapler,5,48.4,0.06,227.48,162.9,64.58,Credit Card
ORD00111,2025-11-02,CUST0164,North,Accessories,Mouse,2,951.36,0.05,1807.58,854.29,953.29,UPI
ORD00112,2025-12-08,CUST0034,West,Office Supplies,Notebook,5,1269.65,0.02,6221.28,3862.7,2358.58,Net Banking
ORD00113,2025-02-25,CUST0042,Central,Accessories,Laptop Stand,2,724.51,0.09,1318.61,775.43,543.18,Debit Card
ORD00114,2024-05-08,CUST0130,West,Furniture,Desk,1,1433.9,0.2,1147.12,642.84,504.28,Net Banking
ORD00115,2024-10-10,CUST0203,South,Office Supplies,Notebook,1,1264.49,0.01,1251.85,958.44,293.41,Net Banking
ORD00116,2024-06-21,CUST0467,Central,Accessories,USB Hub,6,962.27,0.15,4907.58,2322.9,2584.68,Net Banking
ORD00117,2024-03-27,CUST0043,North,Electronics,Headphones,1,676.04,0.01,669.28,310.08,359.2,Credit Card
ORD00118,2024-08-19,CUST0314,West,Furniture,Bookshelf,8,175.94,0.01,1393.44,875.08,518.36,UPI
ORD00119,2024-09-17,CUST0261,South,Accessories,Laptop Stand,3,998.83,0.05,2846.67,1454.47,1392.2,Debit Card
ORD00120,2025-04-07,CUST0434,East,Electronics,Keyboard,1,457.26,0.19,370.38,247.65,122.73,Credit Card
ORD00121,2024-07-08,CUST0255,South,Accessories,Laptop Stand,4,1166.46,0.16,3919.31,2491.14,1428.17,Debit Card
ORD00122,2025-11-23,CUST0160,West,Electronics,Laptop,4,453.38,0.24,1378.28,910.57,467.71,Debit Card
ORD00123,2024-05-03,CUST0473,South,Furniture,Bookshelf,1,1393.56,0.06,1309.95,760.11,549.84,Debit Card
ORD00124,2024-05-01,CUST0032,North,Office Supplies,Pen Set,4,199.82,0.05,759.32,577.4,181.92,Net Banking
ORD00125,2024-10-28,CUST0360,West,Electronics,Laptop,2,961.38,0.06,1807.39,1432.25,375.14,Net Banking
ORD00126,2025-04-10,CUST0258,Central,Accessories,USB Hub,6,1134.72,0.07,6331.74,4045.0,2286.74,Credit Card
ORD00127,2024-03-28,CUST0044,Central,Furniture,Bookshelf,4,1230.32,0.05,4675.22,2931.59,1743.63,Debit Card
ORD00128,2024-01-19,CUST0023,Central,Electronics,Keyboard,5,893.71,0.13,3887.64,2154.3,1733.34,Debit Card
ORD00129,2025-10-17,CUST0072,North,Accessories,USB Hub,9,1146.46,0.04,9905.41,6057.61,3847.8,Net Banking
ORD00130,2025-05-05,CUST0473,South,Accessories,Mouse,3,1487.88,0.02,4374.37,2583.17,1791.2,Credit Card
ORD00131,2025-01-27,CUST0500,West,Accessories,Laptop Stand,7,930.17,0.17,5404.29,3141.74,2262.55,Debit Card
ORD00132,2025-03-12,CUST0377,West,Electronics,Monitor,6,1252.37,0.0,7514.22,5352.69,2161.53,UPI
ORD00133,2025-11-28,CUST0132,Central,Electronics,Headphones,3,1266.12,0.12,3342.56,2091.5,1251.06,Net Banking
ORD00134,2025-02-08,CUST0202,West,Electronics,Headphones,8,341.47,0.03,2649.81,1807.34,842.47,Net Banking
ORD00135,2025-05-29,CUST0216,Central,Office Supplies,Notebook,4,615.44,0.22,1920.17,1206.9,713.27,Net Banking
ORD00136,2025-10-31,CUST0082,East,Electronics,Monitor,7,1060.36,0.01,7348.29,4558.21,2790.08,UPI
ORD00137,2024-04-18,CUST0076,South,Electronics,Headphones,3,757.42,0.02,2226.81,1047.7,1179.11,Debit Card
ORD00138,2024-07-01,CUST0113,North,Electronics,Laptop,4,785.56,0.11,2796.59,1402.79,1393.8,Debit Card
ORD00139,2024-04-27,CUST0301,North,Office Supplies,Stapler,4,112.56,0.2,360.19,258.73,101.46,Credit Card
ORD00140,2025-07-12,CUST0078,West,Electronics,Monitor,4,754.33,0.04,2896.63,1998.87,897.76,UPI
ORD00141,2024-05-17,CUST0050,East,Accessories,USB Hub,9,1426.46,0.05,12196.23,7902.46,4293.77,Credit Card
ORD00142,2025-07-16,CUST0245,East,Electronics,Keyboard,1,887.0,0.15,753.95,523.38,230.57,Debit Card
ORD00143,2024-03-14,CUST0192,Central,Accessories,USB Hub,3,577.83,0.12,1525.47,943.22,582.25,Net Banking
ORD00144,2024-11-08,CUST0100,North,Accessories,Webcam,4,93.77,0.23,288.81,221.89,66.92,Debit Card
ORD00145,2025-02-11,CUST0364,South,Accessories,Webcam,9,1132.04,0.16,8558.22,6716.62,1841.6,Debit Card
ORD00146,2025-02-03,CUST0182,South,Office Supplies,Printer Paper,7,385.53,0.23,2078.01,1116.6,961.41,Credit Card
ORD00147,2025-08-18,CUST0338,South,Office Supplies,Notebook,6,116.74,0.12,616.39,284.63,331.76,UPI
ORD00148,2025-09-30,CUST0399,South,Office Supplies,Notebook,5,807.98,0.1,3635.91,2078.18,1557.73,Net Banking
ORD00149,2025-10-27,CUST0492,North,Electronics,Headphones,4,209.42,0.22,653.39,384.0,269.39,Credit Card
ORD00150,2024-10-31,CUST0403,East,Accessories,Webcam,5,399.66,0.16,1678.57,871.74,806.83,Credit Card
ORD00151,2025-05-04,CUST0327,North,Office Supplies,Notebook,9,290.86,0.01,2591.56,1819.28,772.28,Credit Card
ORD00152,2024-06-25,CUST0017,South,Office Supplies,Pen Set,2,617.89,0.14,1062.77,772.73,290.04,Debit Card
ORD00153,2024-01-22,CUST0112,North,Electronics,Monitor,6,1273.44,0.11,6800.17,3395.57,3404.6,Debit Card
ORD00154,2025-08-10,CUST0344,West,Office Supplies,Printer Paper,2,1295.74,0.12,2280.5,1624.28,656.22,UPI
ORD00155,2025-01-25,CUST0277,West,Electronics,Monitor,3,96.9,0.2,232.56,121.04,111.52,Debit Card
ORD00156,2024-07-31,CUST0079,West,Furniture,Bookshelf,4,1139.99,0.13,3967.17,2069.71,1897.46,Net Banking
ORD00157,2024-03-06,CUST0409,East,Office Supplies,Printer Paper,9,849.07,0.19,6189.72,3994.18,2195.54,Net Banking
ORD00158,2025-08-23,CUST0379,South,Furniture,Cabinet,1,598.28,0.2,478.62,277.68,200.94,UPI
ORD00159,2025-05-22,CUST0476,North,Electronics,Keyboard,5,1447.43,0.05,6875.29,4353.2,2522.09,Net Banking
ORD00160,2024-08-25,CUST0104,South,Accessories,Mouse,5,482.28,0.16,2025.58,1050.35,975.23,Debit Card
ORD00161,2024-09-15,CUST0283,South,Office Supplies,Pen Set,4,845.57,0.04,3246.99,2158.32,1088.67,UPI
ORD00162,2025-09-04,CUST0416,West,Electronics,Headphones,6,228.25,0.05,1301.02,669.35,631.67,Net Banking
ORD00163,2025-06-27,CUST0137,West,Accessories,USB Hub,5,671.68,0.15,2854.64,1367.98,1486.66,UPI
ORD00164,2025-06-16,CUST0158,Central,Accessories,Webcam,7,1451.35,0.1,9143.5,7263.95,1879.55,Debit Card
ORD00165,2025-06-20,CUST0131,North,Furniture,Cabinet,6,1470.08,0.16,7409.2,3670.81,3738.39,Net Banking
ORD00166,2025-12-01,CUST0476,Central,Electronics,Laptop,4,1337.58,0.02,5243.31,3701.9,1541.41,Credit Card
ORD00167,2025-01-29,CUST0450,West,Accessories,Laptop Stand,6,820.37,0.18,4036.22,2260.37,1775.85,Net Banking
ORD00168,2024-10-03,CUST0156,South,Office Supplies,Notebook,5,396.4,0.2,1585.6,1201.79,383.81,Debit Card
ORD00169,2024-12-03,CUST0314,East,Office Supplies,Notebook,5,641.78,0.23,2470.85,1751.55,719.3,Credit Card
ORD00170,2024-10-15,CUST0212,Central,Furniture,Bookshelf,6,1112.34,0.2,5339.23,3979.37,1359.86,Net Banking
ORD00171,2025-03-29,CUST0201,West,Accessories,Webcam,2,486.08,0.0,972.16,669.41,302.75,Net Banking
ORD00172,2025-03-17,CUST0409,Central,Electronics,Laptop,8,127.55,0.02,999.99,569.13,430.86,UPI
ORD00173,2025-02-04,CUST0039,North,Office Supplies,Notebook,5,624.29,0.19,2528.37,1937.4,590.97,UPI
ORD00174,2025-03-18,CUST0091,South,Accessories,Laptop Stand,2,983.14,0.22,1533.7,690.27,843.43,Net Banking
ORD00175,2025-10-20,CUST0030,East,Accessories,Webcam,6,355.56,0.1,1920.02,950.6,969.42,Net Banking
ORD00176,2025-10-23,CUST0432,North,Furniture,Desk,9,643.74,0.01,5735.72,4520.81,1214.91,UPI
ORD00177,2024-06-21,CUST0327,North,Office Supplies,Printer Paper,3,1242.54,0.17,3093.92,2301.29,792.63,UPI
ORD00178,2024-04-29,CUST0422,Central,Office Supplies,Pen Set,7,808.36,0.16,4753.16,2887.28,1865.88,Credit Card
ORD00179,2024-03-29,CUST0142,East,Electronics,Headphones,8,409.71,0.01,3244.9,2104.35,1140.55,Credit Card
ORD00180,2024-03-08,CUST0476,South,Office Supplies,Stapler,9,463.88,0.19,3381.69,1578.74,1802.95,Credit Card
ORD00181,2025-04-21,CUST0062,North,Electronics,Laptop,6,1340.61,0.05,7641.48,3649.87,3991.61,Net Banking
ORD00182,2025-10-22,CUST0325,West,Office Supplies,Printer Paper,3,416.31,0.2,999.14,650.11,349.03,Credit Card
ORD00183,2024-02-04,CUST0465,South,Furniture,Bookshelf,1,1111.6,0.13,967.09,446.24,520.85,Net Banking
ORD00184,2025-03-13,CUST0076,North,Office Supplies,Pen Set,1,57.21,0.17,47.48,22.73,24.75,UPI
ORD00185,2025-05-19,CUST0157,East,Electronics,Monitor,4,676.2,0.15,2299.08,1542.59,756.49,Net Banking
ORD00186,2025-08-01,CUST0342,West,Electronics,Keyboard,7,214.91,0.06,1414.11,1025.74,388.37,Debit Card
ORD00187,2024-09-18,CUST0214,North,Furniture,Cabinet,2,719.89,0.25,1079.84,587.58,492.26,Debit Card
ORD00188,2025-03-24,CUST0441,Central,Office Supplies,Notebook,6,87.56,0.04,504.35,275.82,228.53,Credit Card
ORD00189,2025-11-19,CUST0141,Central,Office Supplies,Notebook,3,310.22,0.15,791.06,433.69,357.37,Debit Card
ORD00190,2025-08-24,CUST0295,Central,Furniture,Desk,1,344.22,0.01,340.78,166.24,174.54,Credit Card
ORD00191,2025-07-06,CUST0017,Central,Office Supplies,Notebook,6,1399.0,0.1,7554.6,3629.85,3924.75,UPI
ORD00192,2025-05-08,CUST0147,East,Office Supplies,Stapler,7,870.67,0.01,6033.74,4141.54,1892.2,Credit Card
ORD00193,2024-04-18,CUST0268,Central,Electronics,Keyboard,1,597.01,0.18,489.55,371.47,118.08,Net Banking
ORD00194,2024-06-22,CUST0343,Central,Office Supplies,Notebook,7,1431.97,0.18,8219.51,6181.14,2038.37,UPI
ORD00195,2025-11-03,CUST0127,West,Office Supplies,Stapler,1,913.62,0.17,758.3,371.62,386.68,Debit Card
ORD00196,2024-11-27,CUST0378,East,Furniture,Desk,3,902.56,0.14,2328.6,1781.64,546.96,UPI
ORD00197,2024-09-22,CUST0398,South,Furniture,Desk,7,630.76,0.16,3708.87,2508.15,1200.72,UPI
ORD00198,2025-10-28,CUST0117,South,Accessories,Webcam,9,926.61,0.22,6504.8,4575.41,1929.39,Credit Card
ORD00199,2024-09-24,CUST0419,East,Electronics,Monitor,3,810.27,0.04,2333.58,1059.67,1273.91,Credit Card
ORD00200,2024-10-05,CUST0408,North,Office Supplies,Stapler,5,202.04,0.14,868.77,495.29,373.48,Debit Card
ORD00201,2025-01-09,CUST0073,Central,Office Supplies,Pen Set,5,1044.89,0.11,4649.76,3187.59,1462.17,Debit Card
ORD00202,2024-02-10,CUST0063,East,Accessories,Webcam,2,588.67,0.11,1047.83,683.96,363.87,Net Banking
ORD00203,2024-10-16,CUST0440,West,Office Supplies,Pen Set,9,60.58,0.1,490.7,311.12,179.58,Credit Card
ORD00204,2025-10-30,CUST0202,West,Electronics,Keyboard,4,86.27,0.19,279.51,218.39,61.12,Debit Card
ORD00205,2025-07-29,CUST0325,South,Accessories,Laptop Stand,3,524.09,0.02,1540.82,914.28,626.54,Net Banking
ORD00206,2025-03-09,CUST0325,East,Electronics,Headphones,8,1482.29,0.11,10553.9,7291.65,3262.25,UPI
ORD00207,2024-08-21,CUST0051,South,Accessories,USB Hub,4,166.97,0.05,634.49,491.08,143.41,Debit Card
ORD00208,2024-06-18,CUST0124,Central,Accessories,USB Hub,5,448.08,0.23,1725.11,846.42,878.69,UPI
ORD00209,2024-03-17,CUST0059,West,Furniture,Bookshelf,6,912.36,0.21,4324.59,3435.47,889.12,Credit Card
ORD00210,2025-11-04,CUST0365,Central,Electronics,Laptop,6,821.28,0.04,4730.57,3045.54,1685.03,UPI
ORD00211,2025-05-11,CUST0341,West,Office Supplies,Stapler,3,547.15,0.21,1296.75,905.33,391.42,Credit Card
ORD00212,2025-09-28,CUST0483,Central,Office Supplies,Pen Set,7,826.34,0.04,5553.0,3631.91,1921.09,UPI
ORD00213,2024-04-13,CUST0214,North,Electronics,Monitor,4,614.63,0.25,1843.89,1397.87,446.02,Net Banking
ORD00214,2025-10-18,CUST0101,West,Office Supplies,Printer Paper,3,317.94,0.1,858.44,398.15,460.29,Debit Card
ORD00215,2024-09-02,CUST0149,East,Office Supplies,Stapler,5,906.7,0.09,4125.49,2518.46,1607.03,UPI
ORD00216,2025-06-07,CUST0070,North,Electronics,Headphones,5,1195.43,0.07,5558.75,4207.87,1350.88,UPI
ORD00217,2024-04-11,CUST0075,North,Accessories,USB Hub,4,1298.05,0.15,4413.37,2565.78,1847.59,Debit Card
ORD00218,2025-04-09,CUST0179,Central,Electronics,Headphones,7,592.08,0.13,3605.77,2243.92,1361.85,Debit Card
ORD00219,2024-12-30,CUST0163,North,Accessories,USB Hub,2,676.31,0.15,1149.73,755.36,394.37,Net Banking
ORD00220,2025-07-28,CUST0294,East,Office Supplies,Pen Set,1,967.49,0.07,899.77,480.6,419.17,UPI
ORD00221,2025-11-13,CUST0323,South,Office Supplies,Notebook,7,48.29,0.12,297.47,205.46,92.01,Debit Card
ORD00222,2025-11-26,CUST0286,North,Office Supplies,Pen Set,5,550.9,0.2,2203.6,1206.62,996.98,Debit Card
ORD00223,2024-11-22,CUST0030,East,Furniture,Bookshelf,3,1496.77,0.17,3726.96,2757.82,969.14,Credit Card
ORD00224,2025-10-09,CUST0389,West,Accessories,Laptop Stand,9,956.7,0.02,8438.09,3813.87,4624.22,Net Banking
ORD00225,2024-09-21,CUST0290,West,Furniture,Desk,1,1271.96,0.15,1081.17,520.06,561.11,Debit Card
ORD00226,2025-11-15,CUST0480,South,Furniture,Bookshelf,6,473.08,0.14,2441.09,1638.54,802.55,Credit Card
ORD00227,2025-01-09,CUST0162,South,Electronics,Laptop,3,793.41,0.07,2213.61,1055.67,1157.94,Net Banking
ORD00228,2024-04-20,CUST0415,West,Furniture,Cabinet,6,94.33,0.02,554.66,327.81,226.85,Debit Card
ORD00229,2024-01-27,CUST0118,Central,Electronics,Keyboard,3,1209.15,0.23,2793.14,1652.94,1140.2,UPI
ORD00230,2025-06-16,CUST0403,Central,Electronics,Laptop,7,354.52,0.16,2084.58,1652.33,432.25,UPI
ORD00231,2025-03-21,CUST0074,South,Furniture,Desk,9,201.92,0.22,1417.48,887.46,530.02,Net Banking
ORD00232,2025-02-15,CUST0366,West,Accessories,Laptop Stand,6,126.23,0.17,628.63,336.11,292.52,Credit Card
ORD00233,2025-04-10,CUST0012,South,Accessories,Laptop Stand,6,853.67,0.03,4968.36,3829.99,1138.37,Debit Card
ORD00234,2025-03-16,CUST0479,North,Accessories,Laptop Stand,2,1088.15,0.07,2023.96,1195.87,828.09,Debit Card
ORD00235,2025-01-24,CUST0325,West,Accessories,Mouse,2,428.73,0.18,703.12,331.83,371.29,Credit Card
ORD00236,2025-03-03,CUST0452,West,Accessories,Laptop Stand,9,553.15,0.07,4629.87,3449.02,1180.85,Debit Card
ORD00237,2025-11-21,CUST0421,North,Furniture,Bookshelf,3,662.05,0.23,1529.34,890.17,639.17,Debit Card
ORD00238,2024-06-23,CUST0023,Central,Furniture,Bookshelf,1,1396.65,0.21,1103.35,757.5,345.85,Credit Card
ORD00239,2025-03-06,CUST0281,North,Office Supplies,Stapler,5,1449.75,0.19,5871.49,4596.03,1275.46,Credit Card
ORD00240,2025-05-16,CUST0304,West,Accessories,Laptop Stand,3,958.82,0.25,2157.35,1049.95,1107.4,Net Banking
ORD00241,2024-08-23,CUST0361,West,Furniture,Desk,3,697.4,0.05,1987.59,1150.91,836.68,UPI
ORD00242,2025-10-10,CUST0329,East,Office Supplies,Notebook,2,837.06,0.1,1506.71,1057.53,449.18,Debit Card
ORD00243,2024-06-10,CUST0393,West,Accessories,Laptop Stand,6,339.3,0.17,1689.71,1119.79,569.92,Debit Card
ORD00244,2025-03-13,CUST0065,West,Electronics,Keyboard,6,974.35,0.1,5261.49,3681.06,1580.43,Credit Card
ORD00245,2025-07-18,CUST0044,Central,Office Supplies,Pen Set,3,1006.96,0.21,2386.5,1727.12,659.38,Debit Card
ORD00246,2025-02-01,CUST0138,East,Furniture,Chair,5,1368.38,0.21,5405.1,3774.3,1630.8,Credit Card
ORD00247,2024-06-19,CUST0409,West,Electronics,Keyboard,6,805.79,0.15,4109.53,1863.56,2245.97,Debit Card
ORD00248,2025-04-09,CUST0104,West,Electronics,Headphones,6,1148.22,0.11,6131.49,3332.7,2798.79,Debit Card
ORD00249,2025-11-04,CUST0421,Central,Electronics,Headphones,6,45.08,0.19,219.09,160.48,58.61,Credit Card
ORD00250,2025-06-11,CUST0208,East,Office Supplies,Notebook,7,786.58,0.09,5010.51,2906.64,2103.87,Credit Card
ORD00251,2024-08-12,CUST0471,North,Furniture,Cabinet,7,1321.3,0.17,7676.75,4924.15,2752.6,Net Banking
ORD00252,2024-06-05,CUST0098,South,Electronics,Headphones,6,245.45,0.22,1148.71,802.43,346.28,Net Banking
ORD00253,2025-09-22,CUST0133,West,Accessories,Mouse,7,1014.03,0.15,6033.48,4806.11,1227.37,Debit Card
ORD00254,2024-12-27,CUST0441,South,Electronics,Keyboard,6,561.21,0.06,3165.22,1641.3,1523.92,Credit Card
ORD00255,2025-02-15,CUST0459,East,Electronics,Monitor,3,237.5,0.2,570.0,383.37,186.63,Credit Card
ORD00256,2024-06-07,CUST0489,South,Office Supplies,Notebook,4,519.26,0.18,1703.17,1087.62,615.55,Debit Card
ORD00257,2025-07-19,CUST0161,South,Office Supplies,Notebook,2,31.61,0.16,53.1,32.22,20.88,Debit Card
ORD00258,2025-03-28,CUST0390,South,Furniture,Bookshelf,2,378.0,0.13,657.72,452.42,205.3,Debit Card
ORD00259,2024-08-22,CUST0108,North,Accessories,Webcam,3,265.31,0.11,708.38,370.63,337.75,Credit Card
ORD00260,2024-09-28,CUST0068,East,Office Supplies,Pen Set,2,1283.6,0.06,2413.17,1897.28,515.89,Net Banking
ORD00261,2024-05-18,CUST0357,North,Electronics,Headphones,8,1073.35,0.25,6440.1,4181.81,2258.29,Debit Card
ORD00262,2024-09-16,CUST0108,East,Furniture,Bookshelf,7,128.16,0.16,753.58,597.9,155.68,Credit Card
ORD00263,2024-09-03,CUST0008,Central,Electronics,Keyboard,2,1053.5,0.1,1896.3,1485.78,410.52,Debit Card
ORD00264,2024-07-05,CUST0084,South,Electronics,Headphones,4,386.06,0.16,1297.16,886.36,410.8,Debit Card
ORD00265,2025-05-26,CUST0156,South,Office Supplies,Notebook,6,912.54,0.21,4325.44,3133.99,1191.45,UPI
ORD00266,2025-03-31,CUST0432,East,Furniture,Bookshelf,5,348.67,0.08,1603.88,1197.8,406.08,Debit Card
ORD00267,2024-09-21,CUST0438,East,Accessories,Mouse,9,616.09,0.22,4324.95,1946.9,2378.05,Debit Card
ORD00268,2025-02-07,CUST0117,East,Accessories,USB Hub,1,86.47,0.19,70.04,40.63,29.41,UPI
ORD00269,2024-04-25,CUST0349,West,Office Supplies,Notebook,7,874.14,0.09,5568.27,4040.57,1527.7,Credit Card
ORD00270,2025-02-07,CUST0116,South,Office Supplies,Stapler,2,991.81,0.06,1864.6,964.11,900.49,UPI
ORD00271,2024-12-19,CUST0237,North,Furniture,Bookshelf,9,77.62,0.01,691.59,353.63,337.96,Credit Card
ORD00272,2025-08-10,CUST0282,East,Accessories,Laptop Stand,5,1084.36,0.14,4662.75,2795.9,1866.85,UPI
ORD00273,2025-02-08,CUST0462,West,Accessories,Mouse,7,1343.26,0.24,7146.14,5448.18,1697.96,UPI
ORD00274,2025-07-06,CUST0368,East,Accessories,Webcam,4,756.36,0.05,2874.17,1888.03,986.14,Net Banking
ORD00275,2025-12-07,CUST0367,East,Electronics,Keyboard,9,559.24,0.07,4680.84,3547.25,1133.59,Net Banking
ORD00276,2024-10-16,CUST0441,North,Accessories,USB Hub,4,1046.55,0.19,3390.82,2302.8,1088.02,UPI
ORD00277,2024-06-29,CUST0318,North,Electronics,Laptop,8,449.24,0.23,2767.32,1624.8,1142.52,Credit Card
ORD00278,2025-11-10,CUST0391,Central,Furniture,Desk,9,110.77,0.09,907.21,637.85,269.36,Credit Card
ORD00279,2024-02-07,CUST0499,West,Electronics,Headphones,3,1326.45,0.01,3939.56,2036.33,1903.23,UPI
ORD00280,2025-06-20,CUST0112,East,Furniture,Desk,5,1143.42,0.15,4859.53,3710.81,1148.72,UPI
ORD00281,2025-07-04,CUST0016,Central,Accessories,Webcam,9,568.99,0.23,3943.1,2887.7,1055.4,Debit Card
ORD00282,2024-07-20,CUST0032,East,Accessories,Mouse,8,998.3,0.02,7826.67,5013.56,2813.11,Debit Card
ORD00283,2025-07-13,CUST0436,North,Furniture,Bookshelf,9,417.89,0.16,3159.25,1954.48,1204.77,UPI
ORD00284,2024-03-21,CUST0489,South,Office Supplies,Notebook,5,171.72,0.13,746.98,469.19,277.79,Net Banking
ORD00285,2024-06-15,CUST0126,North,Furniture,Bookshelf,7,703.34,0.23,3791.0,2627.57,1163.43,Credit Card
ORD00286,2024-11-03,CUST0245,East,Office Supplies,Printer Paper,9,308.96,0.09,2530.38,1435.9,1094.48,Credit Card
ORD00287,2024-03-05,CUST0337,East,Electronics,Keyboard,1,1096.04,0.14,942.59,736.62,205.97,Debit Card
ORD00288,2024-02-12,CUST0372,East,Electronics,Keyboard,4,1183.58,0.18,3882.14,2269.21,1612.93,Net Banking
ORD00289,2024-11-10,CUST0413,East,Electronics,Monitor,1,1455.98,0.11,1295.82,689.69,606.13,Debit Card
ORD00290,2024-10-09,CUST0336,Central,Accessories,Mouse,1,1451.21,0.01,1436.7,900.35,536.35,Net Banking
ORD00291,2024-03-29,CUST0148,West,Electronics,Headphones,3,1429.65,0.06,4031.61,3055.03,976.58,Net Banking
ORD00292,2025-06-02,CUST0206,East,Office Supplies,Stapler,2,1309.69,0.17,2174.09,1584.56,589.53,Debit Card
ORD00293,2024-05-03,CUST0481,North,Electronics,Headphones,7,1361.01,0.0,9527.07,6534.68,2992.39,Net Banking
ORD00294,2024-04-06,CUST0005,North,Furniture,Chair,5,474.03,0.09,2156.84,1439.59,717.25,Net Banking
ORD00295,2025-05-03,CUST0019,Central,Furniture,Chair,5,121.16,0.2,484.64,266.56,218.08,UPI
ORD00296,2025-08-13,CUST0215,East,Accessories,Webcam,7,1417.78,0.16,8336.55,5710.68,2625.87,Net Banking
ORD00297,2024-12-26,CUST0057,South,Furniture,Chair,8,1485.74,0.08,10935.05,8523.27,2411.78,Debit Card
ORD00298,2025-11-11,CUST0453,South,Office Supplies,Notebook,1,172.62,0.14,148.45,117.67,30.78,Debit Card
ORD00299,2025-01-21,CUST0266,South,Electronics,Headphones,9,322.57,0.13,2525.72,1202.03,1323.69,Credit Card
ORD00300,2025-03-14,CUST0295,East,Accessories,USB Hub,2,445.44,0.16,748.34,590.43,157.91,Credit Card
ORD00301,2025-02-06,CUST0084,East,Electronics,Keyboard,6,121.13,0.11,646.83,448.6,198.23,UPI
ORD00302,2024-03-13,CUST0481,North,Electronics,Monitor,5,42.36,0.24,160.97,86.57,74.4,UPI
ORD00303,2024-09-22,CUST0309,East,Office Supplies,Pen Set,2,1301.82,0.24,1978.77,963.79,1014.98,Debit Card
ORD00304,2024-01-25,CUST0493,West,Furniture,Bookshelf,5,319.9,0.15,1359.58,945.45,414.13,Credit Card
ORD00305,2025-10-11,CUST0420,North,Furniture,Desk,4,1405.68,0.14,4835.54,3766.3,1069.24,Credit Card
ORD00306,2024-02-23,CUST0178,East,Electronics,Monitor,6,1465.97,0.03,8531.95,3864.22,4667.73,Net Banking
ORD00307,2025-08-27,CUST0379,North,Accessories,USB Hub,5,1373.53,0.11,6112.21,3303.95,2808.26,UPI
ORD00308,2024-06-18,CUST0434,West,Furniture,Chair,3,892.39,0.15,2275.59,1531.91,743.68,Credit Card
ORD00309,2024-02-16,CUST0063,North,Accessories,Laptop Stand,7,314.92,0.22,1719.46,1218.33,501.13,Credit Card
ORD00310,2024-11-09,CUST0161,East,Furniture,Chair,5,134.17,0.23,516.55,296.6,219.95,Net Banking
ORD00311,2025-03-18,CUST0319,Central,Accessories,Webcam,7,1260.97,0.2,7061.43,5211.65,1849.78,Net Banking
ORD00312,2025-11-21,CUST0494,South,Office Supplies,Printer Paper,3,932.84,0.19,2266.8,1605.51,661.29,Credit Card
ORD00313,2025-11-24,CUST0037,North,Accessories,Mouse,6,1203.58,0.08,6643.76,5001.54,1642.22,Debit Card
ORD00314,2025-11-10,CUST0420,South,Office Supplies,Pen Set,5,628.78,0.22,2452.24,1651.05,801.19,Net Banking
ORD00315,2025-05-26,CUST0139,South,Office Supplies,Stapler,5,1180.3,0.1,5311.35,3319.74,1991.61,Credit Card
ORD00316,2024-03-28,CUST0324,West,Accessories,Mouse,4,893.54,0.1,3216.74,1976.15,1240.59,UPI
ORD00317,2025-09-05,CUST0038,Central,Office Supplies,Notebook,7,1075.18,0.0,7526.26,4463.61,3062.65,Net Banking
ORD00318,2025-09-12,CUST0303,West,Electronics,Laptop,5,1184.05,0.24,4499.39,3200.74,1298.65,UPI
ORD00319,2024-11-07,CUST0234,North,Office Supplies,Stapler,4,448.0,0.08,1648.64,886.12,762.52,Credit Card
ORD00320,2025-07-20,CUST0352,Central,Furniture,Desk,4,1311.5,0.21,4144.34,2178.35,1965.99,Net Banking
ORD00321,2024-07-31,CUST0317,North,Accessories,Webcam,1,768.34,0.24,583.94,441.87,142.07,Debit Card
ORD00322,2024-03-27,CUST0465,West,Electronics,Keyboard,3,536.36,0.13,1399.9,1019.23,380.67,UPI
ORD00323,2024-08-26,CUST0165,Central,Accessories,Laptop Stand,3,633.48,0.0,1900.44,1052.05,848.39,Net Banking
ORD00324,2025-09-07,CUST0085,South,Furniture,Chair,4,359.81,0.03,1396.06,708.99,687.07,Credit Card
ORD00325,2025-09-29,CUST0235,South,Furniture,Chair,2,459.24,0.14,789.89,450.89,339.0,UPI
ORD00326,2024-07-24,CUST0167,East,Furniture,Chair,3,349.09,0.13,911.12,603.81,307.31,Debit Card
ORD00327,2025-04-25,CUST0019,East,Office Supplies,Stapler,8,932.12,0.14,6412.99,3819.07,2593.92,Debit Card
ORD00328,2024-04-02,CUST0432,Central,Office Supplies,Pen Set,1,321.43,0.08,295.72,189.66,106.06,Net Banking
ORD00329,2024-10-08,CUST0017,Central,Accessories,Mouse,5,193.46,0.08,889.92,444.96,444.96,Credit Card
ORD00330,2024-07-11,CUST0241,North,Accessories,Webcam,1,1024.77,0.19,830.06,649.94,180.12,UPI
ORD00331,2025-01-14,CUST0144,North,Electronics,Laptop,3,849.8,0.16,2141.5,1479.82,661.68,Debit Card
ORD00332,2024-12-01,CUST0425,East,Electronics,Headphones,9,812.77,0.21,5778.79,4261.78,1517.01,Net Banking
ORD00333,2025-03-04,CUST0271,East,Accessories,USB Hub,6,1191.51,0.11,6362.66,3271.71,3090.95,UPI
ORD00334,2025-10-09,CUST0022,West,Office Supplies,Notebook,9,1209.24,0.23,8380.03,4367.8,4012.23,UPI
ORD00335,2025-11-15,CUST0082,South,Furniture,Desk,8,1452.74,0.02,11389.48,7709.67,3679.81,Credit Card
ORD00336,2024-11-18,CUST0339,East,Accessories,Mouse,6,661.54,0.25,2976.93,1922.12,1054.81,Debit Card
ORD00337,2024-05-01,CUST0479,East,Electronics,Monitor,8,121.7,0.09,885.98,542.65,343.33,Net Banking
ORD00338,2024-05-03,CUST0482,Central,Office Supplies,Stapler,2,999.29,0.12,1758.75,794.71,964.04,Net Banking
ORD00339,2025-01-02,CUST0429,South,Accessories,USB Hub,9,879.9,0.11,7048.0,4523.49,2524.51,Net Banking
ORD00340,2025-08-05,CUST0092,North,Accessories,Mouse,3,1013.31,0.16,2553.54,1812.47,741.07,UPI
ORD00341,2025-07-29,CUST0346,West,Office Supplies,Pen Set,6,1129.97,0.23,5220.46,3735.5,1484.96,Debit Card
ORD00342,2024-09-25,CUST0267,East,Accessories,Mouse,5,955.94,0.04,4588.51,2825.94,1762.57,Credit Card
ORD00343,2024-07-25,CUST0336,North,Office Supplies,Pen Set,2,648.78,0.23,999.12,626.92,372.2,Debit Card
ORD00344,2025-01-03,CUST0384,North,Furniture,Chair,2,586.54,0.21,926.73,630.94,295.79,UPI
ORD00345,2024-06-04,CUST0405,South,Office Supplies,Stapler,6,1127.38,0.06,6358.42,4037.94,2320.48,Debit Card
ORD00346,2024-07-25,CUST0388,West,Office Supplies,Notebook,4,1239.18,0.02,4857.59,3506.58,1351.01,Debit Card
ORD00347,2025-07-28,CUST0022,Central,Office Supplies,Notebook,4,565.15,0.11,2011.93,927.3,1084.63,Credit Card
ORD00348,2025-11-18,CUST0390,North,Accessories,Laptop Stand,3,1240.0,0.16,3124.8,2344.67,780.13,Net Banking
ORD00349,2024-08-17,CUST0402,South,Accessories,Webcam,8,501.43,0.23,3088.81,2466.89,621.92,Net Banking
ORD00350,2024-10-02,CUST0140,East,Office Supplies,Stapler,1,873.52,0.02,856.05,413.66,442.39,Credit Card
ORD00351,2024-09-09,CUST0269,North,Accessories,USB Hub,3,1496.49,0.06,4220.1,1958.64,2261.46,UPI
ORD00352,2024-10-30,CUST0291,South,Electronics,Headphones,5,1179.93,0.14,5073.7,2838.59,2235.11,Credit Card
ORD00353,2024-12-20,CUST0003,Central,Electronics,Headphones,4,77.63,0.21,245.31,163.58,81.73,Credit Card
ORD00354,2025-11-13,CUST0450,South,Accessories,Mouse,3,879.81,0.25,1979.57,1415.11,564.46,Credit Card
ORD00355,2025-09-13,CUST0482,West,Accessories,USB Hub,9,358.74,0.15,2744.36,2126.51,617.85,Credit Card
ORD00356,2024-04-22,CUST0170,West,Office Supplies,Stapler,5,1493.53,0.25,5600.74,3793.54,1807.2,Debit Card
ORD00357,2024-03-15,CUST0277,West,Furniture,Desk,2,556.4,0.22,867.98,424.03,443.95,Credit Card
ORD00358,2024-03-04,CUST0327,West,Accessories,USB Hub,9,973.5,0.24,6658.74,3159.11,3499.63,Credit Card
ORD00359,2024-04-02,CUST0430,South,Electronics,Keyboard,8,1063.61,0.11,7572.9,5177.71,2395.19,Net Banking
ORD00360,2024-04-27,CUST0020,East,Office Supplies,Printer Paper,1,922.35,0.17,765.55,569.07,196.48,Net Banking
ORD00361,2025-06-21,CUST0075,West,Accessories,Laptop Stand,2,867.46,0.07,1613.48,1246.34,367.14,Net Banking
ORD00362,2025-12-21,CUST0128,West,Electronics,Keyboard,6,1059.91,0.02,6232.27,3307.95,2924.32,Net Banking
ORD00363,2024-06-03,CUST0181,North,Electronics,Keyboard,7,762.33,0.24,4055.6,2795.16,1260.44,UPI
ORD00364,2024-09-20,CUST0207,Central,Furniture,Bookshelf,4,340.02,0.17,1128.87,746.26,382.61,Debit Card
ORD00365,2024-03-04,CUST0298,Central,Office Supplies,Printer Paper,4,534.31,0.11,1902.14,1119.57,782.57,UPI
ORD00366,2024-10-02,CUST0050,South,Office Supplies,Printer Paper,2,125.13,0.05,237.75,126.07,111.68,Net Banking
ORD00367,2025-08-06,CUST0296,West,Furniture,Cabinet,5,804.22,0.25,3015.83,1532.37,1483.46,Net Banking
ORD00368,2025-07-21,CUST0060,South,Furniture,Bookshelf,8,326.76,0.16,2195.83,1156.98,1038.85,UPI
ORD00369,2024-03-26,CUST0004,South,Office Supplies,Pen Set,1,543.47,0.08,499.99,395.68,104.31,Net Banking
ORD00370,2025-01-09,CUST0011,West,Office Supplies,Printer Paper,8,249.29,0.02,1954.43,1210.94,743.49,Debit Card
ORD00371,2024-12-20,CUST0428,West,Accessories,Laptop Stand,5,728.17,0.2,2912.68,1620.23,1292.45,Debit Card
ORD00372,2025-03-14,CUST0106,Central,Accessories,USB Hub,1,673.78,0.25,505.33,297.39,207.94,Net Banking
ORD00373,2025-02-02,CUST0106,Central,Furniture,Chair,9,302.27,0.09,2475.59,1588.17,887.42,Credit Card
ORD00374,2025-12-20,CUST0201,West,Accessories,Laptop Stand,9,1411.82,0.0,12706.38,8042.71,4663.67,Net Banking
ORD00375,2025-03-14,CUST0295,West,Electronics,Monitor,3,993.96,0.03,2892.42,2111.18,781.24,UPI
ORD00376,2025-08-11,CUST0188,South,Accessories,Mouse,8,310.7,0.24,1889.06,966.11,922.95,Debit Card
ORD00377,2025-11-02,CUST0187,West,Accessories,USB Hub,6,360.14,0.14,1858.32,1078.31,780.01,Credit Card
ORD00378,2025-02-09,CUST0096,Central,Electronics,Monitor,3,343.69,0.05,979.52,723.86,255.66,Debit Card
ORD00379,2025-09-02,CUST0394,East,Furniture,Cabinet,7,865.47,0.04,5815.96,3379.61,2436.35,Net Banking
ORD00380,2024-11-03,CUST0345,North,Electronics,Keyboard,1,1099.61,0.14,945.66,537.3,408.36,UPI
ORD00381,2025-06-08,CUST0045,South,Accessories,Webcam,5,1313.63,0.06,6174.06,3347.18,2826.88,Debit Card
ORD00382,2024-09-29,CUST0408,South,Furniture,Desk,4,577.26,0.06,2170.5,1178.32,992.18,Net Banking
ORD00383,2025-11-29,CUST0269,Central,Accessories,Webcam,7,451.36,0.05,3001.54,1600.88,1400.66,Credit Card
ORD00384,2025-05-25,CUST0401,Central,Electronics,Headphones,9,1059.68,0.15,8106.55,5805.49,2301.06,Net Banking
ORD00385,2025-07-20,CUST0337,East,Electronics,Monitor,2,272.65,0.01,539.85,281.56,258.29,Net Banking
ORD00386,2025-01-18,CUST0180,North,Accessories,USB Hub,9,713.13,0.19,5198.72,2563.96,2634.76,Credit Card
ORD00387,2024-04-07,CUST0208,North,Office Supplies,Pen Set,9,1261.99,0.04,10903.59,5001.91,5901.68,Net Banking
ORD00388,2025-10-28,CUST0190,West,Office Supplies,Stapler,1,1164.6,0.23,896.74,462.9,433.84,Credit Card
ORD00389,2024-09-29,CUST0481,South,Electronics,Keyboard,8,315.77,0.01,2500.9,1622.99,877.91,Credit Card
ORD00390,2025-09-05,CUST0421,Central,Electronics,Laptop,5,1255.9,0.23,4835.22,2795.05,2040.17,Net Banking
ORD00391,2024-05-28,CUST0115,South,Office Supplies,Stapler,6,149.57,0.07,834.6,497.84,336.76,UPI
ORD00392,2024-07-02,CUST0486,West,Office Supplies,Pen Set,3,962.9,0.15,2455.39,1666.43,788.96,Debit Card
ORD00393,2024-06-25,CUST0299,West,Accessories,Webcam,7,907.45,0.13,5526.37,3164.65,2361.72,Debit Card
ORD00394,2025-11-30,CUST0494,East,Accessories,Mouse,4,1023.61,0.14,3521.22,2012.06,1509.16,Debit Card
ORD00395,2024-07-28,CUST0304,North,Office Supplies,Pen Set,3,230.54,0.08,636.29,475.52,160.77,UPI
ORD00396,2024-05-16,CUST0367,West,Accessories,Laptop Stand,8,1409.71,0.11,10037.14,5214.01,4823.13,UPI
ORD00397,2024-09-06,CUST0408,South,Accessories,Laptop Stand,7,1452.75,0.11,9050.63,5661.45,3389.18,Credit Card
ORD00398,2024-01-05,CUST0195,South,Furniture,Chair,4,1135.72,0.14,3906.88,2994.72,912.16,UPI
ORD00399,2024-10-08,CUST0175,South,Accessories,Laptop Stand,1,30.18,0.05,28.67,19.56,9.11,UPI
ORD00400,2024-07-01,CUST0368,North,Electronics,Keyboard,2,1345.43,0.23,2071.96,1160.0,911.96,Debit Card
ORD00401,2025-03-08,CUST0116,Central,Accessories,Mouse,2,293.26,0.09,533.73,320.5,213.23,Debit Card
ORD00402,2024-10-28,CUST0025,Central,Accessories,Mouse,1,193.05,0.17,160.23,125.37,34.86,Net Banking
ORD00403,2025-04-15,CUST0452,East,Office Supplies,Notebook,5,545.59,0.01,2700.67,1421.28,1279.39,Debit Card
ORD00404,2024-08-29,CUST0138,North,Electronics,Laptop,3,858.58,0.16,2163.62,1653.95,509.67,Net Banking
ORD00405,2024-08-24,CUST0181,Central,Accessories,Mouse,8,1243.3,0.2,7957.12,3871.61,4085.51,Net Banking
ORD00406,2025-03-24,CUST0360,West,Accessories,USB Hub,6,337.75,0.02,1985.97,1307.16,678.81,UPI
ORD00407,2025-03-20,CUST0381,West,Furniture,Chair,7,275.34,0.14,1657.55,917.83,739.72,Debit Card
ORD00408,2025-11-04,CUST0247,West,Accessories,Webcam,9,67.03,0.2,482.62,257.73,224.89,Credit Card
ORD00409,2024-07-09,CUST0490,South,Accessories,Laptop Stand,1,697.73,0.06,655.87,436.08,219.79,Credit Card
ORD00410,2025-12-02,CUST0175,North,Furniture,Bookshelf,1,133.13,0.22,103.84,75.58,28.26,Credit Card
ORD00411,2024-06-11,CUST0366,Central,Office Supplies,Printer Paper,1,1255.19,0.09,1142.22,878.95,263.27,UPI
ORD00412,2025-12-09,CUST0470,South,Accessories,Webcam,1,428.12,0.05,406.71,185.4,221.31,Credit Card
ORD00413,2025-01-24,CUST0198,East,Furniture,Bookshelf,9,910.49,0.23,6309.7,3527.95,2781.75,Net Banking
ORD00414,2025-01-18,CUST0044,East,Electronics,Monitor,2,511.52,0.23,787.74,587.42,200.32,UPI
ORD00415,2024-05-01,CUST0432,West,Office Supplies,Stapler,3,133.67,0.09,364.92,234.55,130.37,Net Banking
ORD00416,2024-06-12,CUST0141,South,Electronics,Headphones,1,1350.91,0.24,1026.69,621.6,405.09,Net Banking
ORD00417,2024-07-05,CUST0208,West,Electronics,Monitor,5,123.76,0.1,556.92,286.05,270.87,Net Banking
ORD00418,2024-10-13,CUST0259,East,Furniture,Chair,4,640.39,0.04,2459.1,1863.42,595.68,UPI
ORD00419,2025-01-05,CUST0103,South,Accessories,Mouse,7,346.26,0.22,1890.58,1468.99,421.59,Credit Card
ORD00420,2025-02-26,CUST0060,South,Furniture,Desk,3,155.23,0.08,428.43,199.25,229.18,UPI
ORD00421,2025-05-08,CUST0108,West,Furniture,Chair,7,1252.74,0.14,7541.49,5623.18,1918.31,Credit Card
ORD00422,2025-08-30,CUST0457,Central,Furniture,Bookshelf,6,391.73,0.21,1856.8,1150.12,706.68,Debit Card
ORD00423,2025-10-12,CUST0299,North,Furniture,Cabinet,6,501.31,0.01,2977.78,1623.48,1354.3,Net Banking
ORD00424,2025-05-18,CUST0454,East,Office Supplies,Pen Set,4,366.17,0.05,1391.45,1043.61,347.84,Debit Card
ORD00425,2025-05-29,CUST0393,West,Accessories,Mouse,4,585.73,0.15,1991.48,1212.89,778.59,Net Banking
ORD00426,2025-12-14,CUST0083,Central,Electronics,Keyboard,1,657.86,0.08,605.23,314.32,290.91,UPI
ORD00427,2024-08-24,CUST0248,North,Electronics,Laptop,4,828.76,0.1,2983.54,1509.91,1473.63,Debit Card
ORD00428,2024-01-25,CUST0334,East,Accessories,Webcam,9,1041.8,0.09,8532.34,6243.43,2288.91,Net Banking
ORD00429,2024-08-01,CUST0173,North,Electronics,Headphones,2,133.68,0.06,251.32,186.12,65.2,Net Banking
ORD00430,2024-11-26,CUST0272,North,Accessories,Webcam,2,1391.17,0.1,2504.11,1171.22,1332.89,UPI
ORD00431,2024-12-29,CUST0491,South,Electronics,Monitor,3,62.41,0.15,159.15,72.25,86.9,Net Banking
ORD00432,2024-10-09,CUST0079,West,Furniture,Cabinet,4,1461.22,0.14,5026.6,2746.2,2280.4,Net Banking
ORD00433,2025-06-03,CUST0325,South,Electronics,Laptop,1,348.24,0.08,320.38,173.26,147.12,Net Banking
ORD00434,2025-02-03,CUST0270,South,Accessories,Laptop Stand,6,519.43,0.22,2430.93,1164.98,1265.95,UPI
ORD00435,2024-08-15,CUST0431,West,Accessories,Mouse,4,748.95,0.11,2666.26,1511.88,1154.38,UPI
ORD00436,2025-10-21,CUST0281,West,Accessories,Mouse,5,1212.04,0.19,4908.76,2473.35,2435.41,Debit Card
ORD00437,2025-04-15,CUST0034,Central,Accessories,Webcam,2,103.89,0.01,205.7,120.78,84.92,UPI
ORD00438,2025-07-03,CUST0070,West,Accessories,Webcam,6,404.55,0.22,1893.29,1445.51,447.78,UPI
ORD00439,2025-05-31,CUST0404,East,Office Supplies,Stapler,9,228.84,0.14,1771.22,862.51,908.71,Credit Card
ORD00440,2025-09-09,CUST0095,West,Office Supplies,Printer Paper,4,420.55,0.02,1648.56,1314.57,333.99,UPI
ORD00441,2024-06-29,CUST0288,South,Electronics,Monitor,3,875.15,0.22,2047.85,1128.99,918.86,UPI
ORD00442,2024-01-16,CUST0302,Central,Accessories,Laptop Stand,2,935.78,0.17,1553.39,971.26,582.13,UPI
ORD00443,2025-02-13,CUST0367,South,Electronics,Keyboard,8,1238.44,0.14,8520.47,6158.86,2361.61,Net Banking
ORD00444,2024-06-29,CUST0106,South,Accessories,USB Hub,1,1337.07,0.25,1002.8,554.47,448.33,Debit Card
ORD00445,2024-06-19,CUST0331,Central,Accessories,Laptop Stand,4,172.21,0.03,668.17,529.66,138.51,UPI
ORD00446,2025-10-17,CUST0386,West,Office Supplies,Pen Set,3,1021.2,0.15,2604.06,1721.55,882.51,Debit Card
ORD00447,2025-03-19,CUST0298,North,Office Supplies,Printer Paper,4,428.37,0.19,1387.92,734.48,653.44,Credit Card
ORD00448,2024-08-24,CUST0022,North,Furniture,Cabinet,9,985.31,0.06,8335.72,5648.69,2687.03,Net Banking
ORD00449,2024-01-12,CUST0424,North,Office Supplies,Printer Paper,9,1495.43,0.05,12785.93,8412.5,4373.43,Net Banking
ORD00450,2024-02-08,CUST0060,South,Furniture,Chair,9,941.64,0.2,6779.81,5048.96,1730.85,Credit Card
ORD00451,2024-03-18,CUST0194,Central,Furniture,Bookshelf,4,278.48,0.07,1035.95,706.87,329.08,UPI
ORD00452,2025-09-13,CUST0334,Central,Furniture,Cabinet,5,873.78,0.14,3757.25,2348.65,1408.6,Debit Card
ORD00453,2024-02-05,CUST0173,West,Furniture,Cabinet,2,1377.56,0.1,2479.61,1240.17,1239.44,Debit Card
ORD00454,2024-05-27,CUST0018,East,Furniture,Chair,4,916.11,0.08,3371.28,2505.32,865.96,UPI
ORD00455,2025-12-18,CUST0198,West,Electronics,Headphones,5,999.52,0.16,4197.98,2761.06,1436.92,Net Banking
ORD00456,2025-07-09,CUST0401,North,Office Supplies,Notebook,7,843.74,0.09,5374.62,2671.73,2702.89,Debit Card
ORD00457,2024-07-24,CUST0335,East,Furniture,Bookshelf,2,491.03,0.22,766.01,517.61,248.4,Credit Card
ORD00458,2024-09-07,CUST0212,East,Accessories,Mouse,3,547.76,0.06,1544.68,702.08,842.6,Credit Card
ORD00459,2025-05-22,CUST0219,North,Office Supplies,Notebook,6,1222.14,0.1,6599.56,4508.78,2090.78,Net Banking
ORD00460,2025-07-19,CUST0344,East,Office Supplies,Stapler,1,486.08,0.02,476.36,243.86,232.5,Credit Card
ORD00461,2025-03-12,CUST0111,North,Furniture,Chair,3,1339.15,0.12,3535.36,1986.91,1548.45,Credit Card
ORD00462,2024-05-10,CUST0188,East,Electronics,Monitor,4,1029.64,0.08,3789.08,1881.75,1907.33,Credit Card
ORD00463,2024-04-11,CUST0475,Central,Furniture,Bookshelf,4,1056.91,0.19,3424.39,2587.13,837.26,UPI
ORD00464,2024-02-12,CUST0211,West,Electronics,Laptop,9,441.12,0.11,3533.37,2353.18,1180.19,Net Banking
ORD00465,2024-01-20,CUST0440,East,Accessories,Webcam,3,728.17,0.15,1856.83,1187.41,669.42,Net Banking
ORD00466,2025-10-27,CUST0042,East,Office Supplies,Stapler,3,886.67,0.14,2287.61,1216.57,1071.04,UPI
ORD00467,2025-01-03,CUST0426,West,Accessories,Webcam,2,757.23,0.17,1257.0,676.65,580.35,Credit Card
ORD00468,2024-09-19,CUST0267,Central,Electronics,Keyboard,8,826.26,0.03,6411.78,4890.73,1521.05,Net Banking
ORD00469,2024-02-15,CUST0309,North,Electronics,Laptop,6,843.57,0.09,4605.89,3541.79,1064.1,Credit Card
ORD00470,2025-04-24,CUST0305,South,Accessories,Mouse,6,468.47,0.24,2136.22,1430.93,705.29,UPI
ORD00471,2025-01-01,CUST0313,South,Electronics,Headphones,6,834.7,0.2,4006.56,2248.86,1757.7,Credit Card
ORD00472,2024-12-13,CUST0273,East,Accessories,Webcam,3,133.55,0.04,384.62,181.3,203.32,Net Banking
ORD00473,2024-12-23,CUST0106,East,Office Supplies,Printer Paper,4,613.04,0.03,2378.6,1805.7,572.9,UPI
ORD00474,2025-05-04,CUST0007,North,Accessories,Mouse,6,979.39,0.02,5758.81,4231.59,1527.22,Debit Card
ORD00475,2024-11-01,CUST0230,East,Office Supplies,Notebook,9,287.17,0.07,2403.61,1523.51,880.1,Net Banking
ORD00476,2025-10-05,CUST0427,South,Accessories,Mouse,1,260.56,0.17,216.26,100.2,116.06,Net Banking
ORD00477,2024-10-18,CUST0434,West,Electronics,Laptop,7,900.94,0.22,4919.13,3207.0,1712.13,UPI
ORD00478,2025-07-12,CUST0251,East,Accessories,USB Hub,9,606.54,0.07,5076.74,2539.46,2537.28,UPI
ORD00479,2024-02-08,CUST0489,West,Electronics,Headphones,5,139.31,0.23,536.34,383.11,153.23,Debit Card
ORD00480,2025-06-13,CUST0090,Central,Accessories,Webcam,6,725.72,0.16,3657.63,2706.75,950.88,UPI
ORD00481,2025-01-24,CUST0070,West,Accessories,USB Hub,1,498.19,0.25,373.64,210.73,162.91,Net Banking
ORD00482,2025-06-25,CUST0249,South,Furniture,Cabinet,6,714.89,0.11,3817.51,3048.18,769.33,Credit Card
ORD00483,2024-09-02,CUST0405,West,Electronics,Monitor,5,1183.17,0.15,5028.47,2864.45,2164.02,UPI
ORD00484,2025-05-01,CUST0373,West,Furniture,Desk,1,859.0,0.09,781.69,518.75,262.94,Debit Card
ORD00485,2024-07-04,CUST0417,West,Electronics,Monitor,3,300.14,0.11,801.37,571.57,229.8,UPI
ORD00486,2024-01-22,CUST0450,West,Furniture,Bookshelf,4,315.13,0.07,1172.28,734.13,438.15,UPI
ORD00487,2025-11-09,CUST0412,West,Office Supplies,Printer Paper,9,679.17,0.0,6112.53,3279.92,2832.61,UPI
ORD00488,2025-12-27,CUST0197,South,Accessories,USB Hub,1,865.98,0.05,822.68,387.36,435.32,Credit Card
ORD00489,2025-01-21,CUST0339,South,Electronics,Headphones,7,573.24,0.16,3370.65,1531.35,1839.3,Net Banking
ORD00490,2024-05-26,CUST0067,South,Electronics,Laptop,3,95.7,0.1,258.39,162.55,95.84,Net Banking
ORD00491,2024-01-16,CUST0333,East,Accessories,USB Hub,4,30.85,0.01,122.17,78.63,43.54,Net Banking
ORD00492,2025-02-28,CUST0278,North,Electronics,Laptop,5,92.07,0.02,451.14,209.97,241.17,Credit Card
ORD00493,2025-01-03,CUST0473,South,Electronics,Headphones,1,508.98,0.15,432.63,263.47,169.16,Net Banking
ORD00494,2025-02-23,CUST0377,East,Furniture,Desk,1,1198.8,0.19,971.03,668.26,302.77,Debit Card
ORD00495,2025-10-19,CUST0315,West,Electronics,Keyboard,5,1424.49,0.04,6837.55,3991.41,2846.14,UPI
ORD00496,2025-04-12,CUST0220,North,Office Supplies,Notebook,3,510.1,0.19,1239.54,737.26,502.28,Net Banking
ORD00497,2025-03-07,CUST0487,Central,Office Supplies,Printer Paper,9,165.67,0.24,1133.18,747.64,385.54,Credit Card
ORD00498,2025-01-04,CUST0175,West,Accessories,Mouse,9,95.44,0.15,730.12,381.65,348.47,UPI
ORD00499,2024-11-04,CUST0026,Central,Electronics,Laptop,2,949.06,0.16,1594.42,1188.34,406.08,Net Banking
ORD00500,2025-03-15,CUST0275,South,Accessories,Laptop Stand,9,953.46,0.18,7036.53,4674.34,2362.19,Net Banking
ORD00501,2024-06-25,CUST0037,South,Office Supplies,Stapler,1,1252.27,0.2,1001.82,754.62,247.2,UPI
ORD00502,2024-11-05,CUST0150,West,Electronics,Monitor,3,700.27,0.17,1743.67,1162.18,581.49,Net Banking
ORD00503,2024-03-25,CUST0409,North,Electronics,Keyboard,8,254.93,0.24,1549.97,1174.66,375.31,Credit Card
ORD00504,2024-12-17,CUST0158,Central,Accessories,Webcam,7,468.19,0.18,2687.41,1868.43,818.98,UPI
ORD00505,2025-04-10,CUST0088,East,Office Supplies,Printer Paper,7,380.83,0.16,2239.28,1163.5,1075.78,UPI
ORD00506,2025-10-07,CUST0347,North,Electronics,Headphones,3,545.15,0.2,1308.36,846.98,461.38,Credit Card
ORD00507,2025-08-11,CUST0177,West,Accessories,Mouse,9,1198.44,0.18,8844.49,5868.65,2975.84,Credit Card
ORD00508,2024-02-27,CUST0498,North,Office Supplies,Printer Paper,5,110.17,0.17,457.21,234.99,222.22,Debit Card
ORD00509,2024-06-16,CUST0259,Central,Accessories,USB Hub,9,379.02,0.02,3342.96,1877.21,1465.75,UPI
ORD00510,2024-12-09,CUST0237,East,Furniture,Desk,8,65.78,0.18,431.52,248.8,182.72,Debit Card
ORD00511,2025-04-26,CUST0345,South,Electronics,Laptop,4,427.79,0.12,1505.82,741.76,764.06,Credit Card
ORD00512,2025-10-02,CUST0042,East,Furniture,Bookshelf,7,655.92,0.19,3719.07,2862.06,857.01,Credit Card
ORD00513,2025-10-07,CUST0021,South,Office Supplies,Printer Paper,8,385.35,0.08,2836.18,1827.34,1008.84,Debit Card
ORD00514,2025-06-25,CUST0244,South,Furniture,Cabinet,9,140.73,0.02,1241.24,633.21,608.03,Net Banking
ORD00515,2024-06-16,CUST0009,Central,Furniture,Cabinet,4,553.36,0.15,1881.42,1101.77,779.65,Credit Card
ORD00516,2024-03-09,CUST0247,Central,Office Supplies,Printer Paper,4,413.68,0.08,1522.34,982.05,540.29,Net Banking
ORD00517,2025-09-12,CUST0330,Central,Accessories,USB Hub,2,1331.15,0.2,2129.84,972.55,1157.29,UPI
ORD00518,2024-04-26,CUST0267,East,Furniture,Desk,8,964.96,0.08,7102.11,3337.93,3764.18,Credit Card
ORD00519,2024-03-13,CUST0308,South,Accessories,Mouse,4,760.09,0.17,2523.5,1346.72,1176.78,Debit Card
ORD00520,2025-10-30,CUST0206,South,Furniture,Cabinet,7,938.15,0.2,5253.64,2518.09,2735.55,UPI
ORD00521,2024-07-01,CUST0209,Central,Accessories,Mouse,7,244.03,0.04,1639.88,926.52,713.36,Debit Card
ORD00522,2024-04-08,CUST0082,East,Office Supplies,Notebook,7,955.39,0.18,5483.94,3172.11,2311.83,Debit Card
ORD00523,2025-01-01,CUST0318,North,Furniture,Cabinet,5,363.69,0.1,1636.61,890.65,745.96,Net Banking
ORD00524,2025-04-11,CUST0358,West,Office Supplies,Stapler,9,499.12,0.19,3638.58,1819.68,1818.9,UPI
ORD00525,2025-11-21,CUST0072,South,Furniture,Chair,3,1186.2,0.23,2740.12,1489.52,1250.6,Net Banking
ORD00526,2024-01-07,CUST0155,South,Office Supplies,Pen Set,4,738.76,0.14,2541.33,1967.43,573.9,Debit Card
ORD00527,2024-05-05,CUST0409,North,Office Supplies,Pen Set,9,1369.49,0.02,12078.9,9043.05,3035.85,Debit Card
ORD00528,2024-07-07,CUST0078,East,Furniture,Cabinet,3,472.95,0.02,1390.47,711.91,678.56,Debit Card
ORD00529,2024-06-27,CUST0276,East,Furniture,Cabinet,5,1030.33,0.06,4842.55,3778.4,1064.15,UPI
ORD00530,2024-02-04,CUST0379,East,Furniture,Desk,1,904.8,0.02,886.7,599.76,286.94,Debit Card
ORD00531,2024-06-20,CUST0087,North,Electronics,Laptop,8,1292.33,0.24,7857.37,4134.54,3722.83,UPI
ORD00532,2025-11-29,CUST0383,North,Accessories,USB Hub,5,961.35,0.1,4326.07,2821.63,1504.44,UPI
ORD00533,2025-09-02,CUST0116,Central,Electronics,Headphones,5,1472.24,0.23,5668.12,4403.3,1264.82,Credit Card
ORD00534,2025-05-16,CUST0206,South,Electronics,Keyboard,1,470.28,0.03,456.17,302.99,153.18,UPI
ORD00535,2025-08-13,CUST0387,Central,Office Supplies,Stapler,6,537.7,0.22,2516.44,1337.68,1178.76,Credit Card
ORD00536,2024-01-01,CUST0034,West,Furniture,Chair,8,1466.83,0.15,9974.44,7963.75,2010.69,Debit Card
ORD00537,2025-12-04,CUST0253,North,Accessories,Mouse,2,267.84,0.12,471.4,217.62,253.78,Debit Card
ORD00538,2025-08-23,CUST0056,Central,Office Supplies,Printer Paper,8,607.2,0.12,4274.69,2598.77,1675.92,Net Banking
ORD00539,2024-05-07,CUST0113,East,Electronics,Laptop,5,1230.08,0.22,4797.31,3591.43,1205.88,Credit Card
ORD00540,2025-01-24,CUST0081,North,Furniture,Cabinet,7,1133.13,0.13,6900.76,3880.29,3020.47,Credit Card
ORD00541,2025-12-13,CUST0197,South,Office Supplies,Notebook,4,22.43,0.09,81.65,53.05,28.6,Credit Card
ORD00542,2025-11-04,CUST0439,Central,Furniture,Chair,9,839.66,0.13,6574.54,3606.05,2968.49,Debit Card
ORD00543,2024-08-03,CUST0132,West,Office Supplies,Stapler,1,1091.56,0.23,840.5,504.88,335.62,Credit Card
ORD00544,2025-08-04,CUST0318,South,Furniture,Chair,1,1083.7,0.03,1051.19,486.13,565.06,UPI
ORD00545,2024-04-22,CUST0229,East,Electronics,Monitor,8,77.66,0.1,559.15,408.65,150.5,UPI
ORD00546,2025-12-08,CUST0323,South,Accessories,Mouse,1,1294.94,0.22,1010.05,458.03,552.02,Debit Card
ORD00547,2024-02-21,CUST0370,East,Electronics,Keyboard,8,433.58,0.2,2774.91,2109.7,665.21,Credit Card
ORD00548,2025-11-21,CUST0198,West,Accessories,Mouse,9,30.33,0.1,245.67,130.74,114.93,Net Banking
ORD00549,2025-01-18,CUST0431,East,Furniture,Bookshelf,6,1488.0,0.24,6785.28,3378.78,3406.5,Debit Card
ORD00550,2025-06-17,CUST0459,West,Office Supplies,Stapler,9,451.21,0.1,3654.8,2126.74,1528.06,Debit Card
ORD00551,2024-04-21,CUST0402,South,Electronics,Laptop,3,508.63,0.03,1480.11,1159.95,320.16,Credit Card
ORD00552,2025-07-21,CUST0375,East,Accessories,Webcam,7,263.14,0.2,1473.58,726.29,747.29,Credit Card
ORD00553,2025-04-21,CUST0198,Central,Electronics,Headphones,2,1365.96,0.05,2595.32,1913.89,681.43,Credit Card
ORD00554,2024-03-01,CUST0054,South,Accessories,USB Hub,1,385.5,0.21,304.55,155.04,149.51,Net Banking
ORD00555,2025-11-29,CUST0023,West,Electronics,Headphones,1,1257.9,0.13,1094.37,497.97,596.4,Credit Card
ORD00556,2024-11-22,CUST0096,East,Accessories,USB Hub,2,578.04,0.1,1040.47,666.52,373.95,Debit Card
ORD00557,2024-12-05,CUST0129,Central,Accessories,Webcam,2,479.26,0.13,833.91,607.72,226.19,Debit Card
ORD00558,2025-02-13,CUST0461,West,Furniture,Chair,3,578.5,0.1,1561.95,724.64,837.31,UPI
ORD00559,2024-07-03,CUST0069,Central,Accessories,Webcam,1,83.79,0.04,80.44,47.24,33.2,Debit Card
ORD00560,2024-06-02,CUST0035,East,Furniture,Bookshelf,1,772.05,0.16,648.52,400.27,248.25,UPI
ORD00561,2024-11-09,CUST0032,South,Accessories,Mouse,2,686.42,0.13,1194.37,849.2,345.17,UPI
ORD00562,2024-04-12,CUST0010,South,Office Supplies,Stapler,9,515.49,0.08,4268.26,2870.3,1397.96,Debit Card
ORD00563,2025-09-18,CUST0191,South,Office Supplies,Printer Paper,4,836.87,0.06,3146.63,1885.14,1261.49,UPI
ORD00564,2024-10-10,CUST0209,East,Office Supplies,Pen Set,8,888.04,0.13,6180.76,4423.93,1756.83,Debit Card
ORD00565,2025-08-23,CUST0215,West,Accessories,Webcam,2,579.77,0.13,1008.8,599.82,408.98,Debit Card
ORD00566,2024-04-26,CUST0166,North,Furniture,Cabinet,1,1283.41,0.18,1052.4,606.33,446.07,Credit Card
ORD00567,2024-05-09,CUST0352,North,Furniture,Cabinet,8,326.44,0.14,2245.91,1192.71,1053.2,Net Banking
ORD00568,2025-01-02,CUST0094,South,Accessories,Webcam,8,475.37,0.23,2928.28,1483.45,1444.83,UPI
ORD00569,2024-09-30,CUST0042,West,Office Supplies,Notebook,5,676.78,0.07,3147.03,1505.33,1641.7,Credit Card
ORD00570,2024-05-11,CUST0338,East,Office Supplies,Notebook,2,317.87,0.22,495.88,243.09,252.79,Net Banking
ORD00571,2024-06-03,CUST0271,West,Furniture,Cabinet,8,876.87,0.01,6944.81,3888.51,3056.3,Credit Card
ORD00572,2025-11-16,CUST0092,North,Office Supplies,Stapler,3,148.92,0.12,393.15,272.06,121.09,Debit Card
ORD00573,2025-08-10,CUST0177,East,Electronics,Headphones,5,301.7,0.23,1161.55,747.74,413.81,UPI
ORD00574,2025-09-21,CUST0263,West,Furniture,Desk,7,1252.75,0.25,6576.94,4781.1,1795.84,Net Banking
ORD00575,2025-04-08,CUST0144,South,Office Supplies,Pen Set,6,604.68,0.01,3591.8,2121.52,1470.28,Net Banking
ORD00576,2024-08-20,CUST0334,East,Furniture,Desk,7,548.33,0.16,3224.18,1661.25,1562.93,Debit Card
ORD00577,2025-03-11,CUST0068,Central,Electronics,Monitor,7,737.34,0.01,5109.77,2979.86,2129.91,Debit Card
ORD00578,2025-07-09,CUST0417,Central,Furniture,Bookshelf,2,652.12,0.12,1147.73,877.19,270.54,Debit Card
ORD00579,2025-07-31,CUST0234,North,Furniture,Cabinet,2,1006.76,0.13,1751.76,1051.17,700.59,UPI
ORD00580,2024-10-02,CUST0187,East,Furniture,Bookshelf,7,593.79,0.03,4031.83,2855.98,1175.85,UPI
ORD00581,2025-11-04,CUST0044,Central,Furniture,Cabinet,8,1159.23,0.24,7048.12,4586.54,2461.58,Debit Card
ORD00582,2025-01-07,CUST0051,East,Electronics,Monitor,4,196.68,0.08,723.78,532.35,191.43,Debit Card
ORD00583,2025-06-06,CUST0143,East,Accessories,Laptop Stand,5,150.44,0.19,609.28,454.91,154.37,Debit Card
ORD00584,2025-06-12,CUST0154,Central,Furniture,Desk,7,1187.75,0.03,8064.82,4025.89,4038.93,Net Banking
ORD00585,2025-06-30,CUST0119,South,Furniture,Desk,9,848.42,0.21,6032.27,4122.6,1909.67,Net Banking
ORD00586,2025-10-18,CUST0451,East,Office Supplies,Printer Paper,7,403.18,0.01,2794.04,1967.37,826.67,Credit Card
ORD00587,2024-08-01,CUST0121,West,Furniture,Cabinet,7,908.86,0.04,6107.54,3560.13,2547.41,Debit Card
ORD00588,2025-01-26,CUST0125,East,Office Supplies,Notebook,3,1385.45,0.19,3366.64,2212.22,1154.42,UPI
ORD00589,2025-10-12,CUST0124,Central,Accessories,USB Hub,9,911.65,0.12,7220.27,4585.09,2635.18,Net Banking
ORD00590,2025-04-04,CUST0253,South,Electronics,Monitor,5,1211.66,0.05,5755.39,2761.08,2994.31,Credit Card
ORD00591,2024-05-14,CUST0393,North,Electronics,Monitor,5,222.53,0.02,1090.4,831.64,258.76,Debit Card
ORD00592,2025-01-09,CUST0446,South,Accessories,Webcam,6,74.34,0.12,392.52,222.84,169.68,Debit Card
ORD00593,2025-12-12,CUST0405,Central,Electronics,Laptop,3,1116.18,0.12,2946.72,1414.1,1532.62,Credit Card
ORD00594,2024-12-17,CUST0460,South,Accessories,Webcam,7,735.58,0.11,4582.66,2182.32,2400.34,UPI
ORD00595,2024-02-26,CUST0180,Central,Accessories,Webcam,9,1157.75,0.02,10211.35,6656.6,3554.75,UPI
ORD00596,2024-08-16,CUST0226,West,Accessories,Laptop Stand,7,668.09,0.21,3694.54,2001.86,1692.68,UPI
ORD00597,2025-08-06,CUST0381,West,Electronics,Keyboard,2,532.37,0.16,894.38,512.09,382.29,Credit Card
ORD00598,2024-06-12,CUST0161,Central,Office Supplies,Printer Paper,7,1154.56,0.24,6142.26,4849.47,1292.79,Net Banking
ORD00599,2024-10-05,CUST0251,North,Accessories,Mouse,4,1275.31,0.17,4234.03,2335.13,1898.9,Net Banking
ORD00600,2024-01-05,CUST0410,Central,Furniture,Cabinet,2,103.21,0.12,181.65,139.78,41.87,UPI
ORD00601,2025-08-10,CUST0386,East,Electronics,Laptop,3,1281.03,0.14,3305.06,2082.72,1222.34,Net Banking
ORD00602,2024-10-08,CUST0474,West,Accessories,Laptop Stand,2,577.94,0.15,982.5,469.54,512.96,Net Banking
ORD00603,2025-01-31,CUST0005,East,Accessories,USB Hub,8,1124.35,0.2,7195.84,3642.59,3553.25,Debit Card
ORD00604,2025-09-30,CUST0263,West,Furniture,Cabinet,9,214.31,0.08,1774.49,923.85,850.64,Net Banking
ORD00605,2024-01-26,CUST0445,Central,Office Supplies,Stapler,4,1139.55,0.12,4011.22,2122.04,1889.18,UPI
ORD00606,2025-04-05,CUST0151,East,Office Supplies,Notebook,5,713.46,0.04,3424.61,2721.29,703.32,Net Banking
ORD00607,2024-10-26,CUST0396,South,Office Supplies,Printer Paper,4,1261.14,0.2,4035.65,2265.08,1770.57,Credit Card
ORD00608,2025-11-24,CUST0284,East,Accessories,Laptop Stand,1,148.33,0.13,129.05,99.32,29.73,Credit Card
ORD00609,2025-08-12,CUST0075,South,Accessories,Webcam,2,1132.11,0.24,1720.81,1181.88,538.93,Debit Card
ORD00610,2024-11-02,CUST0074,East,Accessories,Laptop Stand,5,511.62,0.18,2097.64,1505.81,591.83,Credit Card
ORD00611,2025-06-05,CUST0396,West,Electronics,Keyboard,6,479.25,0.1,2587.95,1384.01,1203.94,UPI
ORD00612,2024-04-10,CUST0451,North,Furniture,Chair,8,521.44,0.1,3754.37,2003.54,1750.83,Credit Card
ORD00613,2024-08-13,CUST0105,West,Accessories,Mouse,2,1116.49,0.14,1920.36,1303.45,616.91,Credit Card
ORD00614,2024-03-09,CUST0354,South,Furniture,Desk,2,1118.71,0.06,2103.17,989.46,1113.71,Credit Card
ORD00615,2024-06-18,CUST0246,South,Furniture,Bookshelf,1,611.97,0.01,605.85,396.32,209.53,Credit Card
ORD00616,2024-07-17,CUST0215,South,Office Supplies,Printer Paper,6,1197.58,0.02,7041.77,3864.59,3177.18,Credit Card
ORD00617,2024-06-16,CUST0048,East,Electronics,Headphones,8,998.79,0.01,7910.42,4579.24,3331.18,UPI
ORD00618,2025-01-01,CUST0461,East,Accessories,Webcam,7,1366.7,0.18,7844.86,5128.38,2716.48,Net Banking
ORD00619,2025-05-17,CUST0124,North,Office Supplies,Pen Set,4,1140.25,0.17,3785.63,2847.83,937.8,Net Banking
ORD00620,2024-09-02,CUST0437,West,Office Supplies,Stapler,5,637.4,0.22,2485.86,1296.12,1189.74,UPI
ORD00621,2025-02-06,CUST0414,Central,Accessories,USB Hub,5,614.51,0.13,2673.12,1988.29,684.83,Debit Card
ORD00622,2024-01-07,CUST0249,West,Furniture,Chair,4,460.83,0.2,1474.66,907.02,567.64,Credit Card
ORD00623,2024-10-23,CUST0461,Central,Office Supplies,Pen Set,2,1234.41,0.0,2468.82,1505.62,963.2,Debit Card
ORD00624,2024-07-11,CUST0092,North,Furniture,Chair,6,540.79,0.18,2660.69,1683.0,977.69,UPI
ORD00625,2024-02-27,CUST0185,West,Electronics,Monitor,5,1153.49,0.02,5652.1,2636.54,3015.56,Credit Card
ORD00626,2025-10-14,CUST0334,North,Furniture,Cabinet,6,696.45,0.07,3886.19,2513.11,1373.08,Debit Card
ORD00627,2024-03-11,CUST0442,East,Electronics,Laptop,1,1480.3,0.06,1391.48,874.38,517.1,Credit Card
ORD00628,2024-01-25,CUST0156,Central,Furniture,Cabinet,8,1397.88,0.01,11071.21,7102.81,3968.4,Net Banking
ORD00629,2024-07-11,CUST0237,East,Office Supplies,Notebook,2,500.01,0.24,760.02,561.1,198.92,Debit Card
ORD00630,2024-02-24,CUST0468,West,Office Supplies,Notebook,3,142.21,0.04,409.56,247.31,162.25,Net Banking
ORD00631,2025-01-05,CUST0373,Central,Electronics,Laptop,2,468.77,0.24,712.53,556.23,156.3,Credit Card
ORD00632,2024-04-27,CUST0191,South,Accessories,USB Hub,9,29.15,0.2,209.88,164.11,45.77,Debit Card
ORD00633,2025-07-27,CUST0100,East,Electronics,Keyboard,4,1186.54,0.01,4698.7,2992.83,1705.87,Credit Card
ORD00634,2025-07-04,CUST0036,Central,Electronics,Laptop,7,1303.42,0.24,6934.19,3694.89,3239.3,Net Banking
ORD00635,2024-07-14,CUST0307,Central,Furniture,Chair,9,1282.91,0.12,10160.65,6717.57,3443.08,Debit Card
ORD00636,2025-12-15,CUST0099,North,Furniture,Chair,9,1008.64,0.03,8805.43,6587.75,2217.68,Credit Card
ORD00637,2025-12-26,CUST0283,East,Electronics,Keyboard,9,1177.03,0.12,9322.08,6785.59,2536.49,Credit Card
ORD00638,2024-02-16,CUST0379,East,Office Supplies,Pen Set,4,372.67,0.06,1401.24,877.98,523.26,Net Banking
ORD00639,2024-01-27,CUST0220,South,Furniture,Chair,7,776.42,0.11,4837.1,3813.76,1023.34,UPI
ORD00640,2024-06-10,CUST0327,West,Accessories,USB Hub,1,862.43,0.22,672.7,440.0,232.7,Debit Card
ORD00641,2024-07-18,CUST0255,East,Furniture,Cabinet,6,408.48,0.15,2083.25,1461.11,622.14,UPI
ORD00642,2025-02-12,CUST0412,West,Furniture,Chair,5,780.65,0.17,3239.7,2407.44,832.26,Debit Card
ORD00643,2024-11-06,CUST0068,North,Accessories,USB Hub,6,414.82,0.03,2414.25,1281.03,1133.22,Credit Card
ORD00644,2024-12-23,CUST0380,West,Electronics,Keyboard,9,90.91,0.24,621.82,434.59,187.23,UPI
ORD00645,2024-07-14,CUST0327,North,Accessories,Webcam,2,678.17,0.14,1166.45,926.36,240.09,UPI
ORD00646,2024-02-14,CUST0314,East,Electronics,Keyboard,7,754.14,0.0,5278.98,3284.75,1994.23,Debit Card
ORD00647,2024-08-01,CUST0342,South,Electronics,Monitor,6,1268.84,0.12,6699.48,3524.97,3174.51,UPI
ORD00648,2024-08-18,CUST0088,North,Electronics,Keyboard,1,937.95,0.14,806.64,398.46,408.18,Net Banking
ORD00649,2025-12-23,CUST0277,West,Accessories,Webcam,3,628.49,0.18,1546.09,813.41,732.68,Net Banking
ORD00650,2024-11-05,CUST0291,West,Electronics,Keyboard,3,1204.2,0.06,3395.84,1608.99,1786.85,Credit Card
ORD00651,2025-02-23,CUST0232,North,Office Supplies,Pen Set,4,1124.97,0.0,4499.88,3039.98,1459.9,UPI
ORD00652,2024-12-13,CUST0171,East,Accessories,Mouse,9,1489.56,0.19,10858.89,5744.83,5114.06,Debit Card
ORD00653,2025-08-03,CUST0084,Central,Office Supplies,Printer Paper,7,1296.07,0.2,7257.99,5765.51,1492.48,Credit Card
ORD00654,2024-02-26,CUST0040,Central,Electronics,Laptop,5,862.1,0.13,3750.13,2288.66,1461.47,UPI
ORD00655,2024-07-02,CUST0394,South,Furniture,Bookshelf,8,513.99,0.14,3536.25,2691.62,844.63,Net Banking
ORD00656,2024-03-06,CUST0070,North,Electronics,Monitor,3,95.72,0.06,269.93,167.95,101.98,UPI
ORD00657,2025-12-11,CUST0039,North,Office Supplies,Pen Set,4,497.76,0.06,1871.58,1146.15,725.43,Credit Card
ORD00658,2025-10-03,CUST0214,West,Office Supplies,Stapler,6,1067.28,0.03,6211.57,4482.0,1729.57,Credit Card
ORD00659,2025-09-17,CUST0239,Central,Accessories,USB Hub,1,1254.8,0.14,1079.13,729.75,349.38,UPI
ORD00660,2025-10-11,CUST0079,South,Furniture,Chair,6,146.2,0.22,684.22,427.44,256.78,UPI
ORD00661,2025-09-01,CUST0156,South,Accessories,Laptop Stand,2,346.08,0.03,671.4,439.61,231.79,Debit Card
ORD00662,2024-10-27,CUST0148,Central,Office Supplies,Notebook,9,415.37,0.23,2878.51,1734.26,1144.25,UPI
ORD00663,2025-04-15,CUST0476,South,Electronics,Monitor,7,220.78,0.07,1437.28,840.48,596.8,Credit Card
ORD00664,2024-06-27,CUST0039,West,Furniture,Bookshelf,3,1109.16,0.07,3094.56,2084.77,1009.79,Debit Card
ORD00665,2025-03-17,CUST0203,East,Electronics,Keyboard,8,433.11,0.23,2667.96,1223.59,1444.37,Credit Card
ORD00666,2024-04-20,CUST0338,East,Electronics,Laptop,7,1462.17,0.24,7778.74,3678.15,4100.59,Credit Card
ORD00667,2024-02-12,CUST0486,West,Furniture,Bookshelf,3,818.0,0.06,2306.76,1658.0,648.76,UPI
ORD00668,2025-08-03,CUST0265,South,Accessories,USB Hub,3,163.59,0.02,480.95,316.2,164.75,Debit Card
ORD00669,2025-05-16,CUST0085,North,Electronics,Headphones,6,1394.26,0.16,7027.07,3928.68,3098.39,UPI
ORD00670,2024-12-11,CUST0230,West,Office Supplies,Printer Paper,1,1471.95,0.17,1221.72,899.08,322.64,Debit Card
ORD00671,2025-02-24,CUST0259,West,Electronics,Headphones,5,205.37,0.16,862.55,400.16,462.39,UPI
ORD00672,2024-06-03,CUST0166,South,Furniture,Bookshelf,8,1474.94,0.12,10383.58,7832.06,2551.52,Debit Card
ORD00673,2025-09-20,CUST0199,Central,Furniture,Chair,6,1261.48,0.22,5903.73,3159.16,2744.57,Net Banking
ORD00674,2024-02-27,CUST0302,South,Furniture,Bookshelf,6,1234.35,0.19,5998.94,2801.91,3197.03,Credit Card
ORD00675,2025-08-14,CUST0292,West,Accessories,Mouse,9,155.2,0.19,1131.41,739.78,391.63,Credit Card
ORD00676,2025-09-05,CUST0412,Central,Electronics,Monitor,5,104.36,0.15,443.53,330.04,113.49,Credit Card
ORD00677,2025-06-24,CUST0435,North,Accessories,Mouse,9,440.41,0.25,2972.77,2343.42,629.35,UPI
ORD00678,2025-11-06,CUST0361,East,Accessories,Laptop Stand,8,1117.69,0.17,7421.46,3874.44,3547.02,Debit Card
ORD00679,2025-03-01,CUST0436,North,Furniture,Chair,2,1020.77,0.21,1612.82,1269.22,343.6,Debit Card
ORD00680,2025-05-20,CUST0082,South,Furniture,Desk,3,911.34,0.08,2515.3,1815.83,699.47,Net Banking
ORD00681,2024-07-27,CUST0251,North,Accessories,Webcam,5,755.9,0.24,2872.42,1594.13,1278.29,Credit Card
ORD00682,2025-05-06,CUST0301,South,Electronics,Headphones,9,266.43,0.18,1966.25,1005.86,960.39,Credit Card
ORD00683,2024-01-16,CUST0059,North,Office Supplies,Notebook,8,233.48,0.19,1512.95,945.92,567.03,UPI
ORD00684,2025-08-02,CUST0299,Central,Accessories,Webcam,9,539.15,0.21,3833.36,2387.0,1446.36,UPI
ORD00685,2024-11-10,CUST0039,East,Electronics,Laptop,2,1476.22,0.23,2273.38,1067.14,1206.24,Net Banking
ORD00686,2025-03-30,CUST0416,West,Furniture,Bookshelf,1,1345.81,0.03,1305.44,887.43,418.01,Net Banking
ORD00687,2024-02-25,CUST0035,West,Furniture,Chair,5,1419.66,0.17,5891.59,3273.1,2618.49,Credit Card
ORD00688,2024-11-02,CUST0022,East,Electronics,Keyboard,9,781.88,0.13,6122.12,2984.7,3137.42,Credit Card
ORD00689,2024-06-29,CUST0466,South,Office Supplies,Pen Set,5,164.46,0.04,789.41,610.46,178.95,Net Banking
ORD00690,2025-09-06,CUST0047,Central,Furniture,Desk,2,815.17,0.17,1353.18,932.25,420.93,Debit Card
ORD00691,2025-04-23,CUST0462,North,Furniture,Chair,5,657.86,0.13,2861.69,1428.58,1433.11,Credit Card
ORD00692,2025-05-09,CUST0435,West,Furniture,Chair,4,30.12,0.12,106.02,73.15,32.87,Debit Card
ORD00693,2024-05-19,CUST0029,West,Electronics,Keyboard,9,1175.43,0.23,8145.73,4757.04,3388.69,UPI
ORD00694,2024-03-09,CUST0301,South,Accessories,Mouse,1,165.55,0.11,147.34,114.8,32.54,Credit Card
ORD00695,2024-01-29,CUST0381,South,Furniture,Desk,1,721.63,0.22,562.87,306.76,256.11,Debit Card
ORD00696,2024-03-22,CUST0242,North,Accessories,Mouse,6,1084.69,0.01,6443.06,3745.75,2697.31,Credit Card
ORD00697,2024-03-02,CUST0362,Central,Office Supplies,Pen Set,7,367.85,0.16,2162.96,1280.08,882.88,Debit Card
ORD00698,2025-12-08,CUST0375,North,Furniture,Chair,4,1233.12,0.25,3699.36,1938.47,1760.89,Net Banking
ORD00699,2025-08-03,CUST0415,Central,Furniture,Cabinet,5,144.26,0.19,584.25,391.78,192.47,Credit Card
ORD00700,2025-10-04,CUST0474,North,Office Supplies,Printer Paper,1,463.15,0.03,449.26,244.89,204.37,Credit Card
ORD00701,2025-06-20,CUST0179,Central,Furniture,Chair,9,526.49,0.25,3553.81,2382.44,1171.37,UPI
ORD00702,2024-06-20,CUST0064,West,Accessories,Laptop Stand,3,1234.86,0.07,3445.26,1634.86,1810.4,UPI
ORD00703,2024-11-25,CUST0256,East,Electronics,Monitor,2,472.72,0.12,831.99,392.79,439.2,UPI
ORD00704,2025-07-20,CUST0323,Central,Accessories,Mouse,2,963.21,0.02,1887.89,1088.44,799.45,UPI
ORD00705,2025-11-28,CUST0305,South,Electronics,Monitor,9,1227.76,0.11,9834.36,7166.66,2667.7,Net Banking
ORD00706,2025-08-19,CUST0100,West,Electronics,Laptop,4,914.37,0.16,3072.28,1831.34,1240.94,Debit Card
ORD00707,2025-01-15,CUST0380,South,Accessories,Laptop Stand,6,430.17,0.11,2297.11,1311.29,985.82,Credit Card
ORD00708,2025-12-19,CUST0384,East,Accessories,USB Hub,9,304.67,0.18,2248.46,1534.62,713.84,UPI
ORD00709,2025-11-12,CUST0413,West,Accessories,USB Hub,8,955.54,0.11,6803.44,4312.05,2491.39,Credit Card
ORD00710,2025-10-08,CUST0026,West,Accessories,Mouse,3,1319.41,0.07,3681.15,2922.06,759.09,Net Banking
ORD00711,2024-09-25,CUST0412,North,Office Supplies,Notebook,5,1248.31,0.1,5617.39,3035.67,2581.72,UPI
ORD00712,2024-05-23,CUST0205,North,Furniture,Bookshelf,1,742.09,0.05,704.99,471.91,233.08,Debit Card
ORD00713,2024-02-19,CUST0166,South,Electronics,Headphones,1,213.4,0.07,198.46,149.67,48.79,Net Banking
ORD00714,2024-07-04,CUST0070,South,Accessories,Webcam,9,748.7,0.05,6401.39,3920.07,2481.32,UPI
ORD00715,2024-04-13,CUST0434,North,Accessories,Laptop Stand,3,962.89,0.22,2253.16,1373.93,879.23,Credit Card
ORD00716,2024-02-21,CUST0386,North,Accessories,Mouse,9,288.81,0.08,2391.35,1118.63,1272.72,Credit Card
ORD00717,2025-09-23,CUST0443,North,Office Supplies,Printer Paper,3,1400.25,0.03,4074.73,2378.5,1696.23,UPI
ORD00718,2025-10-12,CUST0121,West,Accessories,USB Hub,2,1449.44,0.04,2782.92,1883.51,899.41,Credit Card
ORD00719,2025-12-20,CUST0432,East,Accessories,Mouse,2,168.68,0.13,293.5,134.61,158.89,Debit Card
ORD00720,2025-10-16,CUST0316,South,Accessories,Laptop Stand,7,1204.79,0.21,6662.49,4479.48,2183.01,Credit Card
ORD00721,2024-08-02,CUST0322,East,Furniture,Bookshelf,1,1449.1,0.09,1318.68,749.64,569.04,Net Banking
ORD00722,2025-03-12,CUST0323,South,Office Supplies,Printer Paper,3,982.17,0.19,2386.67,1100.33,1286.34,Debit Card
ORD00723,2024-12-27,CUST0379,West,Accessories,Mouse,6,1159.2,0.2,5564.16,3283.55,2280.61,Net Banking
ORD00724,2024-03-16,CUST0231,West,Electronics,Headphones,1,1363.49,0.02,1336.22,1039.28,296.94,Debit Card
ORD00725,2024-03-09,CUST0099,East,Electronics,Headphones,6,1452.95,0.04,8368.99,6522.01,1846.98,Credit Card
ORD00726,2024-04-24,CUST0220,West,Electronics,Monitor,8,1448.09,0.07,10773.79,6355.25,4418.54,UPI
ORD00727,2024-01-02,CUST0359,Central,Office Supplies,Stapler,7,401.51,0.18,2304.67,1048.7,1255.97,Credit Card
ORD00728,2024-11-12,CUST0038,West,Office Supplies,Printer Paper,5,1430.91,0.23,5509.0,3855.18,1653.82,Debit Card
ORD00729,2024-11-18,CUST0225,North,Electronics,Laptop,2,1153.0,0.05,2190.7,1233.81,956.89,UPI
ORD00730,2024-11-27,CUST0094,Central,Accessories,Mouse,3,927.41,0.04,2670.94,2101.54,569.4,Debit Card
ORD00731,2025-04-12,CUST0415,Central,Office Supplies,Printer Paper,7,394.73,0.2,2210.49,1627.45,583.04,Net Banking
ORD00732,2024-01-16,CUST0498,West,Electronics,Headphones,6,1302.35,0.13,6798.27,4651.67,2146.6,Net Banking
ORD00733,2024-06-20,CUST0137,South,Electronics,Laptop,7,1445.38,0.23,7790.6,5590.53,2200.07,UPI
ORD00734,2024-11-20,CUST0214,North,Accessories,Laptop Stand,2,942.24,0.09,1714.88,1245.21,469.67,Debit Card
ORD00735,2024-02-29,CUST0311,East,Furniture,Cabinet,2,207.67,0.22,323.97,213.09,110.88,Net Banking
ORD00736,2024-06-01,CUST0277,North,Office Supplies,Printer Paper,2,690.84,0.21,1091.53,713.27,378.26,UPI
ORD00737,2025-11-23,CUST0359,Central,Accessories,Mouse,1,550.92,0.13,479.3,313.72,165.58,Debit Card
ORD00738,2025-12-01,CUST0438,North,Electronics,Keyboard,1,1251.27,0.1,1126.14,638.13,488.01,UPI
ORD00739,2025-12-08,CUST0330,South,Electronics,Keyboard,6,1195.05,0.12,6309.86,3577.16,2732.7,Net Banking
ORD00740,2025-02-27,CUST0012,East,Accessories,Mouse,1,72.04,0.08,66.28,42.45,23.83,Credit Card
ORD00741,2024-05-13,CUST0472,East,Office Supplies,Notebook,2,506.56,0.07,942.2,484.81,457.39,Net Banking
ORD00742,2024-04-12,CUST0481,North,Furniture,Desk,2,133.4,0.17,221.44,118.06,103.38,Credit Card
ORD00743,2025-05-20,CUST0182,South,Furniture,Chair,2,883.47,0.12,1554.91,1145.04,409.87,UPI
ORD00744,2024-01-24,CUST0109,East,Electronics,Headphones,1,788.43,0.06,741.12,365.56,375.56,Credit Card
ORD00745,2025-05-22,CUST0227,West,Office Supplies,Stapler,4,826.34,0.07,3073.98,2139.0,934.98,Debit Card
ORD00746,2025-03-08,CUST0496,West,Furniture,Chair,6,97.0,0.03,564.54,254.82,309.72,Debit Card
ORD00747,2025-04-07,CUST0029,South,Office Supplies,Stapler,3,243.87,0.07,680.4,395.71,284.69,UPI
ORD00748,2024-06-14,CUST0279,East,Office Supplies,Printer Paper,2,938.42,0.16,1576.55,1095.36,481.19,Debit Card
ORD00749,2024-09-30,CUST0439,South,Electronics,Keyboard,8,1472.02,0.19,9538.69,4686.38,4852.31,Debit Card
ORD00750,2025-11-23,CUST0423,West,Furniture,Chair,3,1490.5,0.04,4292.64,2942.29,1350.35,UPI
ORD00751,2024-03-26,CUST0149,West,Accessories,USB Hub,9,1120.16,0.18,8266.78,4113.71,4153.07,Net Banking
ORD00752,2025-06-04,CUST0121,East,Electronics,Headphones,2,1100.29,0.22,1716.45,809.45,907.0,UPI
ORD00753,2025-05-26,CUST0337,East,Furniture,Desk,5,230.43,0.01,1140.63,763.13,377.5,UPI
ORD00754,2024-08-24,CUST0322,South,Furniture,Chair,6,799.97,0.14,4127.85,2104.32,2023.53,UPI
ORD00755,2024-06-06,CUST0465,East,Furniture,Bookshelf,1,758.68,0.03,735.92,431.49,304.43,Net Banking
ORD00756,2025-11-10,CUST0047,East,Furniture,Chair,2,156.92,0.03,304.42,158.19,146.23,Debit Card
ORD00757,2025-10-29,CUST0488,West,Furniture,Chair,8,380.3,0.21,2403.5,1257.65,1145.85,UPI
ORD00758,2025-08-27,CUST0042,West,Office Supplies,Stapler,5,1381.66,0.16,5802.97,2794.98,3007.99,UPI
ORD00759,2024-11-04,CUST0456,West,Electronics,Monitor,2,1187.64,0.17,1971.48,1500.42,471.06,UPI
ORD00760,2024-03-03,CUST0175,South,Office Supplies,Pen Set,5,175.16,0.07,814.49,514.81,299.68,Credit Card
ORD00761,2025-04-20,CUST0462,Central,Accessories,Mouse,2,555.18,0.1,999.32,732.78,266.54,Debit Card
ORD00762,2025-10-29,CUST0197,East,Furniture,Chair,4,124.2,0.09,452.09,283.06,169.03,Net Banking
ORD00763,2025-04-15,CUST0263,Central,Electronics,Keyboard,4,255.56,0.09,930.24,555.18,375.06,UPI
ORD00764,2024-07-28,CUST0041,Central,Furniture,Chair,2,825.31,0.19,1337.0,955.85,381.15,Debit Card
ORD00765,2024-11-30,CUST0336,East,Electronics,Laptop,4,155.31,0.14,534.27,407.2,127.07,Net Banking
ORD00766,2025-12-18,CUST0417,South,Office Supplies,Printer Paper,4,833.82,0.15,2834.99,1934.09,900.9,UPI
ORD00767,2025-12-16,CUST0310,East,Electronics,Monitor,6,251.79,0.24,1148.16,855.25,292.91,UPI
ORD00768,2024-08-23,CUST0183,Central,Accessories,Laptop Stand,2,1393.99,0.02,2732.22,1754.89,977.33,Debit Card
ORD00769,2025-04-24,CUST0155,North,Accessories,Laptop Stand,1,1268.65,0.05,1205.22,891.14,314.08,UPI
ORD00770,2025-07-22,CUST0298,South,Electronics,Headphones,1,677.77,0.04,650.66,316.14,334.52,Credit Card
ORD00771,2025-08-18,CUST0242,North,Electronics,Headphones,7,596.36,0.24,3172.64,1782.71,1389.93,UPI
ORD00772,2025-11-18,CUST0008,East,Electronics,Headphones,7,1059.19,0.09,6747.04,3078.0,3669.04,UPI
ORD00773,2025-06-29,CUST0352,West,Electronics,Laptop,6,857.09,0.13,4474.01,2034.47,2439.54,UPI
ORD00774,2024-01-09,CUST0289,West,Accessories,Mouse,1,795.9,0.17,660.6,359.57,301.03,Credit Card
ORD00775,2024-04-24,CUST0121,Central,Furniture,Desk,5,485.55,0.02,2379.2,1641.06,738.14,Credit Card
ORD00776,2024-08-20,CUST0195,East,Electronics,Headphones,9,650.92,0.11,5213.87,3566.47,1647.4,Net Banking
ORD00777,2024-06-12,CUST0039,Central,Electronics,Monitor,9,371.48,0.24,2540.92,1487.02,1053.9,Debit Card
ORD00778,2024-09-09,CUST0286,West,Accessories,Webcam,7,206.04,0.1,1298.05,930.51,367.54,Net Banking
ORD00779,2024-03-20,CUST0135,Central,Accessories,USB Hub,4,983.44,0.21,3107.67,1852.79,1254.88,UPI
ORD00780,2024-01-07,CUST0128,East,Office Supplies,Pen Set,1,417.01,0.25,312.76,159.94,152.82,UPI
ORD00781,2025-01-09,CUST0292,North,Electronics,Keyboard,8,1433.43,0.23,8829.93,4935.21,3894.72,Net Banking
ORD00782,2025-10-16,CUST0223,North,Office Supplies,Pen Set,1,821.56,0.16,690.11,372.6,317.51,Net Banking
ORD00783,2025-10-26,CUST0333,Central,Accessories,Webcam,5,520.78,0.23,2005.0,1542.39,462.61,Credit Card
ORD00784,2025-10-29,CUST0299,North,Accessories,USB Hub,5,1452.44,0.22,5664.52,3739.64,1924.88,UPI
ORD00785,2025-11-09,CUST0037,South,Furniture,Bookshelf,7,1104.66,0.13,6727.38,5362.67,1364.71,Debit Card
ORD00786,2024-07-22,CUST0368,East,Electronics,Monitor,8,632.22,0.19,4096.79,2837.81,1258.98,Net Banking
ORD00787,2024-09-10,CUST0477,South,Office Supplies,Pen Set,7,1379.75,0.11,8595.84,5519.16,3076.68,Net Banking
ORD00788,2025-07-03,CUST0181,Central,Accessories,Laptop Stand,1,997.3,0.13,867.65,397.61,470.04,Credit Card
ORD00789,2025-01-30,CUST0096,North,Accessories,Laptop Stand,7,606.16,0.05,4030.96,2413.25,1617.71,UPI
ORD00790,2024-08-17,CUST0182,North,Office Supplies,Printer Paper,6,1482.79,0.12,7829.13,3682.69,4146.44,Debit Card
ORD00791,2024-03-26,CUST0415,East,Furniture,Desk,2,593.12,0.2,948.99,590.76,358.23,Debit Card
ORD00792,2024-05-12,CUST0279,North,Accessories,Laptop Stand,9,782.48,0.19,5704.28,3689.25,2015.03,Debit Card
ORD00793,2025-11-21,CUST0334,Central,Electronics,Keyboard,6,417.92,0.01,2482.44,1745.14,737.3,Debit Card
ORD00794,2024-02-03,CUST0242,South,Accessories,Webcam,6,736.64,0.02,4331.44,2785.51,1545.93,Credit Card
ORD00795,2025-10-04,CUST0422,West,Electronics,Monitor,7,1361.85,0.05,9056.3,6026.06,3030.24,Debit Card
ORD00796,2024-02-14,CUST0108,East,Office Supplies,Notebook,1,1423.33,0.12,1252.53,871.53,381.0,UPI
ORD00797,2025-01-13,CUST0489,South,Electronics,Monitor,1,1154.2,0.16,969.53,715.87,253.66,Net Banking
ORD00798,2024-11-18,CUST0082,Central,Office Supplies,Notebook,1,193.26,0.13,168.14,83.13,85.01,UPI
ORD00799,2025-11-22,CUST0432,East,Electronics,Headphones,3,1456.25,0.03,4237.69,2305.2,1932.49,UPI
ORD00800,2024-05-08,CUST0049,West,Office Supplies,Pen Set,1,429.89,0.02,421.29,293.68,127.61,Credit Card
ORD00801,2024-07-27,CUST0093,North,Electronics,Laptop,4,570.32,0.01,2258.47,1191.62,1066.85,UPI
ORD00802,2024-08-07,CUST0441,Central,Furniture,Chair,8,34.75,0.02,272.44,199.61,72.83,UPI
ORD00803,2025-03-30,CUST0331,Central,Electronics,Keyboard,5,97.45,0.2,389.8,290.76,99.04,Net Banking
ORD00804,2024-07-14,CUST0331,Central,Electronics,Monitor,2,329.94,0.13,574.1,406.48,167.62,Debit Card
ORD00805,2025-06-14,CUST0455,Central,Furniture,Desk,7,118.66,0.25,622.97,285.75,337.22,Credit Card
ORD00806,2025-08-05,CUST0103,East,Accessories,Webcam,9,1354.41,0.23,9386.06,4253.62,5132.44,Debit Card
ORD00807,2024-06-13,CUST0061,West,Accessories,USB Hub,7,1077.55,0.16,6335.99,5003.49,1332.5,Debit Card
ORD00808,2025-06-13,CUST0010,West,Electronics,Keyboard,9,147.45,0.14,1141.26,714.4,426.86,UPI
ORD00809,2025-04-10,CUST0489,East,Furniture,Desk,1,792.31,0.15,673.46,305.06,368.4,Credit Card
ORD00810,2024-06-01,CUST0002,Central,Electronics,Keyboard,4,1433.66,0.06,5390.56,3036.14,2354.42,Net Banking
ORD00811,2025-08-23,CUST0154,West,Office Supplies,Pen Set,6,1051.58,0.14,5426.15,3175.72,2250.43,Credit Card
ORD00812,2025-09-23,CUST0340,Central,Office Supplies,Printer Paper,8,1324.26,0.02,10382.2,7240.35,3141.85,Net Banking
ORD00813,2025-08-20,CUST0124,South,Electronics,Headphones,8,764.5,0.17,5076.28,3905.74,1170.54,Debit Card
ORD00814,2025-02-14,CUST0377,East,Accessories,Webcam,1,716.64,0.01,709.47,366.7,342.77,UPI
ORD00815,2024-06-04,CUST0172,Central,Accessories,USB Hub,1,1128.52,0.07,1049.52,515.45,534.07,UPI
ORD00816,2024-07-21,CUST0185,North,Electronics,Laptop,8,809.55,0.15,5504.94,3182.46,2322.48,Debit Card
ORD00817,2024-06-03,CUST0186,North,Electronics,Monitor,6,1351.41,0.2,6486.77,3362.58,3124.19,Credit Card
ORD00818,2025-10-26,CUST0125,South,Office Supplies,Notebook,6,1015.78,0.13,5302.37,3616.08,1686.29,Net Banking
ORD00819,2024-04-15,CUST0193,West,Accessories,USB Hub,8,187.58,0.1,1350.58,837.06,513.52,Debit Card
ORD00820,2025-10-12,CUST0292,West,Electronics,Headphones,6,1045.46,0.14,5394.57,3748.33,1646.24,UPI
ORD00821,2024-10-13,CUST0311,Central,Office Supplies,Notebook,2,1422.84,0.02,2788.77,1700.44,1088.33,Credit Card
ORD00822,2024-11-18,CUST0056,East,Accessories,Webcam,2,1139.41,0.2,1823.06,1135.97,687.09,UPI
ORD00823,2024-03-11,CUST0399,South,Furniture,Desk,4,1092.09,0.05,4149.94,3163.43,986.51,Debit Card
ORD00824,2025-10-27,CUST0327,South,Office Supplies,Pen Set,9,283.93,0.06,2402.05,1432.32,969.73,Credit Card
ORD00825,2024-05-27,CUST0061,Central,Accessories,USB Hub,1,866.98,0.11,771.61,440.86,330.75,Net Banking
ORD00826,2024-09-26,CUST0292,Central,Accessories,Laptop Stand,6,603.94,0.2,2898.91,1587.73,1311.18,UPI
ORD00827,2025-06-21,CUST0194,North,Office Supplies,Pen Set,7,1290.94,0.16,7590.73,4088.52,3502.21,Credit Card
ORD00828,2025-07-19,CUST0295,South,Furniture,Bookshelf,3,46.11,0.13,120.35,76.46,43.89,Net Banking
ORD00829,2025-03-06,CUST0042,South,Office Supplies,Notebook,3,127.65,0.2,306.36,161.21,145.15,Net Banking
ORD00830,2025-10-31,CUST0376,West,Accessories,Webcam,3,551.13,0.15,1405.38,820.56,584.82,UPI
ORD00831,2025-07-18,CUST0467,West,Electronics,Laptop,6,699.83,0.2,3359.18,2604.95,754.23,Net Banking
ORD00832,2024-10-25,CUST0167,North,Electronics,Headphones,4,757.33,0.11,2696.09,1419.21,1276.88,Debit Card
ORD00833,2025-05-01,CUST0211,Central,Office Supplies,Stapler,7,713.53,0.15,4245.5,3228.25,1017.25,Credit Card
ORD00834,2024-08-26,CUST0020,West,Accessories,Mouse,6,519.29,0.02,3053.43,2401.65,651.78,Debit Card
ORD00835,2025-08-11,CUST0089,Central,Electronics,Keyboard,9,636.62,0.04,5500.4,3754.34,1746.06,Debit Card
ORD00836,2025-06-23,CUST0035,North,Accessories,Mouse,8,1408.9,0.04,10820.35,5298.02,5522.33,UPI
ORD00837,2025-03-16,CUST0325,North,Office Supplies,Notebook,1,1325.66,0.11,1179.84,839.64,340.2,Debit Card
ORD00838,2025-09-08,CUST0390,South,Electronics,Monitor,9,889.27,0.04,7683.29,6046.84,1636.45,UPI
ORD00839,2024-06-17,CUST0062,Central,Accessories,Mouse,1,905.32,0.15,769.52,363.66,405.86,Debit Card
ORD00840,2025-07-13,CUST0085,West,Electronics,Monitor,4,363.79,0.22,1135.02,641.16,493.86,Net Banking
ORD00841,2024-04-10,CUST0029,South,Office Supplies,Printer Paper,6,913.04,0.2,4382.59,2212.86,2169.73,Debit Card
ORD00842,2024-07-06,CUST0317,West,Accessories,Webcam,7,545.42,0.12,3359.79,2103.55,1256.24,Debit Card
ORD00843,2024-11-12,CUST0266,West,Electronics,Keyboard,9,1413.0,0.22,9919.26,6422.71,3496.55,Credit Card
ORD00844,2025-06-18,CUST0496,Central,Office Supplies,Notebook,1,1038.77,0.06,976.44,526.43,450.01,UPI
ORD00845,2024-04-08,CUST0317,East,Electronics,Laptop,1,166.05,0.14,142.8,95.64,47.16,Net Banking
ORD00846,2024-11-10,CUST0434,Central,Electronics,Keyboard,1,1114.42,0.11,991.83,562.17,429.66,Debit Card
ORD00847,2024-05-11,CUST0356,South,Furniture,Chair,1,1006.46,0.2,805.17,505.68,299.49,Credit Card
ORD00848,2025-08-08,CUST0350,South,Furniture,Bookshelf,9,1217.95,0.2,8769.24,6807.08,1962.16,Debit Card
ORD00849,2025-08-06,CUST0432,South,Office Supplies,Printer Paper,2,786.05,0.03,1524.94,1199.77,325.17,Credit Card
ORD00850,2024-05-26,CUST0495,East,Furniture,Bookshelf,5,498.33,0.23,1918.57,1107.33,811.24,UPI
ORD00851,2024-12-19,CUST0154,North,Office Supplies,Notebook,4,886.69,0.15,3014.75,2115.51,899.24,Debit Card
ORD00852,2025-08-24,CUST0111,North,Furniture,Bookshelf,7,684.3,0.15,4071.58,1934.44,2137.14,UPI
ORD00853,2025-02-17,CUST0153,East,Electronics,Laptop,3,48.71,0.08,134.44,90.05,44.39,Net Banking
ORD00854,2025-11-11,CUST0484,Central,Office Supplies,Stapler,8,1365.33,0.24,8301.21,3961.33,4339.88,Credit Card
ORD00855,2024-03-25,CUST0416,South,Office Supplies,Printer Paper,2,875.55,0.24,1330.84,833.21,497.63,Net Banking
ORD00856,2025-01-12,CUST0156,Central,Electronics,Keyboard,9,727.86,0.05,6223.2,3858.2,2365.0,Credit Card
ORD00857,2024-09-26,CUST0038,West,Office Supplies,Notebook,9,131.18,0.13,1027.14,769.39,257.75,Credit Card
ORD00858,2024-09-30,CUST0020,South,Office Supplies,Notebook,3,774.78,0.12,2045.42,1565.29,480.13,Credit Card
ORD00859,2024-09-09,CUST0019,West,Furniture,Chair,8,25.41,0.08,187.02,111.77,75.25,Net Banking
ORD00860,2025-10-15,CUST0499,North,Office Supplies,Stapler,3,408.52,0.01,1213.3,644.07,569.23,Debit Card
ORD00861,2024-02-22,CUST0175,East,Accessories,Webcam,5,123.14,0.01,609.54,472.06,137.48,Net Banking
ORD00862,2025-07-13,CUST0240,East,Electronics,Headphones,4,1368.03,0.15,4651.3,2763.72,1887.58,Credit Card
ORD00863,2025-05-30,CUST0076,North,Furniture,Cabinet,4,1319.21,0.14,4538.08,3084.36,1453.72,Credit Card
ORD00864,2024-03-28,CUST0211,North,Furniture,Cabinet,6,988.03,0.13,5157.52,2607.76,2549.76,Credit Card
ORD00865,2025-12-13,CUST0225,Central,Accessories,Mouse,5,586.44,0.19,2375.08,1322.86,1052.22,Net Banking
ORD00866,2024-10-29,CUST0112,South,Electronics,Headphones,1,1149.68,0.03,1115.19,591.09,524.1,Credit Card
ORD00867,2024-11-29,CUST0464,East,Electronics,Headphones,8,157.8,0.12,1110.91,845.0,265.91,Credit Card
ORD00868,2025-06-10,CUST0338,West,Furniture,Desk,1,806.38,0.1,725.74,568.83,156.91,Debit Card
ORD00869,2025-07-11,CUST0064,North,Office Supplies,Stapler,1,1278.64,0.1,1150.78,563.12,587.66,Debit Card
ORD00870,2025-10-23,CUST0020,North,Furniture,Cabinet,9,543.29,0.03,4742.92,3250.32,1492.6,Net Banking
ORD00871,2025-06-03,CUST0272,Central,Electronics,Laptop,9,1266.95,0.08,10490.35,6297.43,4192.92,Net Banking
ORD00872,2025-12-22,CUST0495,North,Accessories,Mouse,1,375.12,0.02,367.62,284.9,82.72,Debit Card
ORD00873,2025-09-16,CUST0133,East,Furniture,Bookshelf,1,1234.84,0.06,1160.75,791.02,369.73,Credit Card
ORD00874,2025-10-04,CUST0329,South,Electronics,Headphones,3,1257.11,0.03,3658.19,2511.58,1146.61,Credit Card
ORD00875,2024-01-13,CUST0412,East,Furniture,Bookshelf,2,1069.51,0.01,2117.63,979.93,1137.7,UPI
ORD00876,2024-02-20,CUST0393,Central,Office Supplies,Pen Set,4,357.69,0.19,1158.92,647.15,511.77,Net Banking
ORD00877,2025-06-05,CUST0356,West,Furniture,Bookshelf,4,587.55,0.04,2256.19,1541.76,714.43,Debit Card
ORD00878,2025-06-20,CUST0268,Central,Furniture,Desk,2,1495.28,0.04,2870.94,2159.05,711.89,Credit Card
ORD00879,2025-09-19,CUST0352,North,Electronics,Keyboard,9,242.9,0.23,1683.3,983.17,700.13,Debit Card
ORD00880,2025-04-27,CUST0147,North,Electronics,Laptop,1,740.88,0.22,577.89,366.69,211.2,Debit Card
ORD00881,2024-12-11,CUST0186,North,Electronics,Monitor,2,1334.0,0.11,2374.52,1530.54,843.98,Net Banking
ORD00882,2024-10-09,CUST0074,East,Furniture,Bookshelf,8,686.08,0.08,5049.55,2958.2,2091.35,UPI
ORD00883,2024-12-27,CUST0093,North,Office Supplies,Notebook,8,660.01,0.16,4435.27,2111.41,2323.86,Net Banking
ORD00884,2025-11-02,CUST0372,Central,Accessories,Laptop Stand,1,843.93,0.18,692.02,392.7,299.32,Net Banking
ORD00885,2024-01-15,CUST0266,North,Accessories,Webcam,3,47.17,0.16,118.87,79.23,39.64,UPI
ORD00886,2025-03-03,CUST0138,Central,Electronics,Headphones,9,1386.37,0.17,10356.18,5120.99,5235.19,Debit Card
ORD00887,2024-07-22,CUST0053,West,Electronics,Laptop,2,988.26,0.07,1838.16,1449.77,388.39,UPI
ORD00888,2024-09-22,CUST0010,Central,Furniture,Chair,6,407.27,0.02,2394.75,1101.27,1293.48,UPI
ORD00889,2024-04-10,CUST0056,West,Accessories,Laptop Stand,5,1379.06,0.1,6205.77,3208.05,2997.72,Net Banking
ORD00890,2024-04-18,CUST0317,West,Electronics,Keyboard,9,35.98,0.18,265.53,130.02,135.51,Debit Card
ORD00891,2025-07-22,CUST0062,South,Office Supplies,Pen Set,3,626.84,0.12,1654.86,785.5,869.36,UPI
ORD00892,2024-10-14,CUST0086,South,Office Supplies,Printer Paper,7,1369.16,0.14,8242.34,5229.78,3012.56,UPI
ORD00893,2024-12-16,CUST0180,South,Electronics,Laptop,9,1476.5,0.18,10896.57,7856.3,3040.27,Net Banking
ORD00894,2024-12-18,CUST0288,West,Electronics,Laptop,3,946.63,0.22,2215.11,1388.83,826.28,UPI
ORD00895,2024-04-16,CUST0382,West,Accessories,Mouse,5,1337.53,0.07,6219.51,4589.79,1629.72,Credit Card
ORD00896,2024-03-13,CUST0480,East,Accessories,Mouse,4,1100.24,0.1,3960.86,2654.67,1306.19,Credit Card
ORD00897,2024-10-25,CUST0076,East,Furniture,Cabinet,6,1139.23,0.07,6356.9,4874.07,1482.83,UPI
ORD00898,2024-03-22,CUST0492,West,Accessories,Mouse,3,169.4,0.24,386.23,262.02,124.21,Debit Card
ORD00899,2025-12-08,CUST0330,North,Office Supplies,Notebook,1,1472.54,0.03,1428.36,800.14,628.22,UPI
ORD00900,2024-04-08,CUST0027,North,Office Supplies,Stapler,2,582.29,0.13,1013.18,670.5,342.68,Debit Card
ORD00901,2025-11-07,CUST0307,South,Electronics,Monitor,1,281.09,0.2,224.87,143.83,81.04,UPI
ORD00902,2024-09-17,CUST0375,East,Accessories,Laptop Stand,7,787.23,0.03,5345.29,4152.73,1192.56,UPI
ORD00903,2024-10-22,CUST0006,North,Furniture,Cabinet,7,695.35,0.04,4672.75,2539.75,2133.0,Net Banking
ORD00904,2025-08-13,CUST0110,Central,Office Supplies,Stapler,5,1077.76,0.23,4149.38,3192.07,957.31,UPI
ORD00905,2025-09-16,CUST0046,South,Office Supplies,Pen Set,6,397.67,0.21,1884.96,1208.71,676.25,UPI
ORD00906,2025-06-26,CUST0156,West,Furniture,Cabinet,1,674.74,0.01,667.99,427.75,240.24,Credit Card
ORD00907,2025-06-19,CUST0206,West,Furniture,Bookshelf,6,1305.83,0.17,6503.03,3914.28,2588.75,Debit Card
ORD00908,2024-10-08,CUST0065,West,Office Supplies,Pen Set,5,89.65,0.17,372.05,279.77,92.28,Credit Card
ORD00909,2024-07-05,CUST0062,North,Office Supplies,Notebook,1,1253.15,0.23,964.93,646.45,318.48,Net Banking
ORD00910,2025-09-21,CUST0198,Central,Furniture,Cabinet,5,677.83,0.06,3185.8,1645.93,1539.87,Debit Card
ORD00911,2025-10-01,CUST0431,South,Office Supplies,Pen Set,6,137.89,0.01,819.07,497.0,322.07,Credit Card
ORD00912,2025-12-14,CUST0498,North,Electronics,Monitor,4,202.46,0.04,777.45,357.94,419.51,Debit Card
ORD00913,2025-04-05,CUST0059,West,Electronics,Laptop,1,1489.04,0.16,1250.79,584.94,665.85,Credit Card
ORD00914,2025-03-06,CUST0056,North,Furniture,Desk,9,766.02,0.14,5928.99,3256.36,2672.63,Net Banking
ORD00915,2025-11-02,CUST0490,South,Accessories,Mouse,8,135.43,0.03,1050.94,654.18,396.76,UPI
ORD00916,2024-05-24,CUST0444,West,Furniture,Desk,3,741.45,0.09,2024.16,1363.85,660.31,Credit Card
ORD00917,2024-02-26,CUST0050,West,Furniture,Desk,1,80.07,0.23,61.65,45.72,15.93,Credit Card
ORD00918,2024-09-03,CUST0148,Central,Accessories,Webcam,5,1450.96,0.13,6311.68,3510.23,2801.45,Net Banking
ORD00919,2025-01-16,CUST0089,West,Accessories,Webcam,2,675.25,0.24,1026.38,550.24,476.14,Credit Card
ORD00920,2024-08-06,CUST0012,North,Accessories,USB Hub,3,306.81,0.05,874.41,619.39,255.02,UPI
ORD00921,2025-10-08,CUST0260,East,Electronics,Laptop,3,787.37,0.09,2149.52,1143.37,1006.15,Net Banking
ORD00922,2025-09-22,CUST0383,North,Office Supplies,Stapler,9,809.75,0.24,5538.69,3260.61,2278.08,Credit Card
ORD00923,2024-04-24,CUST0283,Central,Electronics,Keyboard,3,693.33,0.12,1830.39,1276.38,554.01,Debit Card
ORD00924,2024-05-26,CUST0122,North,Office Supplies,Notebook,3,754.52,0.14,1946.66,990.76,955.9,Credit Card
ORD00925,2025-03-03,CUST0356,East,Electronics,Monitor,6,1064.87,0.06,6005.87,3269.43,2736.44,Credit Card
ORD00926,2025-04-03,CUST0189,East,Office Supplies,Printer Paper,1,1102.89,0.04,1058.77,793.52,265.25,Debit Card
ORD00927,2025-04-16,CUST0195,West,Electronics,Monitor,8,167.25,0.15,1137.3,559.93,577.37,Credit Card
ORD00928,2025-07-26,CUST0087,South,Accessories,USB Hub,7,152.05,0.11,947.27,484.22,463.05,Debit Card
ORD00929,2025-01-25,CUST0384,Central,Furniture,Chair,1,1344.41,0.01,1330.97,761.33,569.64,Net Banking
ORD00930,2024-05-13,CUST0107,North,Electronics,Monitor,5,111.18,0.04,533.66,407.32,126.34,Credit Card
ORD00931,2024-08-22,CUST0484,East,Office Supplies,Printer Paper,1,1042.11,0.14,896.21,530.18,366.03,Net Banking
ORD00932,2024-11-06,CUST0045,West,Accessories,USB Hub,8,280.06,0.15,1904.41,1139.72,764.69,Credit Card
ORD00933,2025-09-16,CUST0300,South,Electronics,Laptop,3,738.18,0.14,1904.5,1060.17,844.33,Net Banking
ORD00934,2025-11-23,CUST0260,North,Electronics,Headphones,5,298.26,0.16,1252.69,628.81,623.88,Net Banking
ORD00935,2024-07-04,CUST0479,East,Accessories,USB Hub,8,1060.43,0.05,8059.27,4144.01,3915.26,Net Banking
ORD00936,2024-04-09,CUST0189,Central,Electronics,Laptop,3,790.28,0.22,1849.26,835.69,1013.57,Debit Card
ORD00937,2024-06-24,CUST0387,Central,Furniture,Chair,4,687.04,0.19,2226.01,1746.25,479.76,Credit Card
ORD00938,2024-02-10,CUST0122,East,Electronics,Keyboard,4,983.23,0.03,3814.93,2432.95,1381.98,Debit Card
ORD00939,2024-03-01,CUST0147,North,Furniture,Cabinet,9,159.11,0.07,1331.75,1057.82,273.93,Debit Card
ORD00940,2024-11-28,CUST0486,North,Furniture,Chair,1,1372.45,0.09,1248.93,725.26,523.67,Net Banking
ORD00941,2025-12-10,CUST0159,North,Accessories,USB Hub,3,928.97,0.08,2563.96,1887.76,676.2,Net Banking
ORD00942,2025-04-23,CUST0077,East,Electronics,Monitor,1,755.81,0.17,627.32,285.1,342.22,UPI
ORD00943,2024-09-04,CUST0069,East,Accessories,Webcam,4,224.6,0.11,799.58,498.71,300.87,Credit Card
ORD00944,2024-10-12,CUST0444,South,Electronics,Headphones,7,181.85,0.1,1145.65,650.61,495.04,Net Banking
ORD00945,2025-03-31,CUST0463,West,Electronics,Headphones,5,127.41,0.21,503.27,263.96,239.31,Net Banking
ORD00946,2024-02-08,CUST0054,South,Office Supplies,Printer Paper,5,205.13,0.03,994.88,641.58,353.3,Credit Card
ORD00947,2025-01-17,CUST0218,South,Electronics,Laptop,8,1258.65,0.25,7551.9,3458.01,4093.89,Debit Card
ORD00948,2024-04-24,CUST0218,North,Accessories,USB Hub,4,832.92,0.19,2698.66,1954.84,743.82,Debit Card
ORD00949,2025-02-11,CUST0457,Central,Furniture,Bookshelf,8,1398.01,0.2,8947.26,6291.61,2655.65,Debit Card
ORD00950,2025-02-19,CUST0448,Central,Electronics,Keyboard,5,196.52,0.06,923.64,577.34,346.3,UPI
ORD00951,2024-09-14,CUST0275,West,Office Supplies,Pen Set,4,1243.58,0.21,3929.71,2170.56,1759.15,Debit Card
ORD00952,2024-03-24,CUST0387,East,Accessories,Mouse,6,699.28,0.06,3943.94,3074.84,869.1,Debit Card
ORD00953,2025-05-07,CUST0121,North,Electronics,Monitor,8,999.72,0.12,7038.03,4720.45,2317.58,UPI
ORD00954,2024-02-06,CUST0480,North,Accessories,Mouse,4,802.3,0.2,2567.36,1816.23,751.13,UPI
ORD00955,2025-04-26,CUST0019,West,Office Supplies,Stapler,8,1251.71,0.07,9312.72,6580.4,2732.32,Net Banking
ORD00956,2025-04-19,CUST0348,Central,Office Supplies,Pen Set,1,1124.54,0.0,1124.54,572.4,552.14,UPI
ORD00957,2024-01-09,CUST0457,East,Accessories,Laptop Stand,4,1106.72,0.09,4028.46,2828.12,1200.34,Credit Card
ORD00958,2024-02-02,CUST0001,West,Electronics,Headphones,9,586.75,0.06,4963.9,3666.43,1297.47,Debit Card
ORD00959,2024-12-04,CUST0438,Central,Furniture,Desk,7,90.8,0.21,502.12,401.27,100.85,Net Banking
ORD00960,2025-11-20,CUST0373,North,Office Supplies,Stapler,9,1107.58,0.08,9170.76,4691.89,4478.87,UPI
ORD00961,2025-02-28,CUST0135,East,Electronics,Monitor,9,1274.51,0.19,9291.18,7045.58,2245.6,Credit Card
ORD00962,2025-06-24,CUST0144,West,Electronics,Keyboard,9,1264.09,0.12,10011.59,4642.15,5369.44,Credit Card
ORD00963,2024-02-02,CUST0377,South,Furniture,Desk,9,300.45,0.17,2244.36,1082.44,1161.92,Net Banking
ORD00964,2025-09-03,CUST0173,North,Office Supplies,Pen Set,9,671.84,0.23,4655.85,3318.38,1337.47,Net Banking
ORD00965,2024-08-24,CUST0445,East,Office Supplies,Printer Paper,3,1260.05,0.22,2948.52,2278.37,670.15,Debit Card
ORD00966,2024-08-16,CUST0317,North,Electronics,Monitor,9,1462.04,0.01,13026.78,7484.16,5542.62,UPI
ORD00967,2024-06-26,CUST0245,East,Electronics,Monitor,4,735.61,0.17,2442.23,1764.88,677.35,Debit Card
ORD00968,2024-04-04,CUST0125,North,Furniture,Bookshelf,8,1133.57,0.19,7345.53,5147.11,2198.42,UPI
ORD00969,2025-06-25,CUST0073,North,Furniture,Chair,7,1094.76,0.21,6054.02,3357.89,2696.13,UPI
ORD00970,2024-03-17,CUST0288,Central,Office Supplies,Pen Set,5,1045.35,0.22,4076.87,2323.07,1753.8,UPI
ORD00971,2025-02-18,CUST0353,Central,Accessories,Webcam,8,801.16,0.13,5576.07,3637.03,1939.04,Credit Card
ORD00972,2024-06-11,CUST0015,East,Office Supplies,Notebook,1,99.08,0.23,76.29,48.48,27.81,Credit Card
ORD00973,2025-03-24,CUST0413,South,Electronics,Monitor,7,422.98,0.04,2842.43,1896.72,945.71,Net Banking
ORD00974,2025-09-18,CUST0365,South,Office Supplies,Notebook,3,1326.06,0.15,3381.45,1671.77,1709.68,Net Banking
ORD00975,2025-08-25,CUST0087,West,Accessories,Laptop Stand,1,430.34,0.25,322.75,230.05,92.7,UPI
ORD00976,2024-08-10,CUST0009,Central,Furniture,Cabinet,3,840.19,0.19,2041.66,1302.75,738.91,Credit Card
ORD00977,2024-06-13,CUST0279,East,Accessories,Webcam,7,370.86,0.11,2310.46,1098.23,1212.23,Debit Card
ORD00978,2024-01-19,CUST0257,Central,Accessories,Webcam,2,650.32,0.25,975.48,628.13,347.35,Debit Card
ORD00979,2024-04-16,CUST0188,West,Accessories,Laptop Stand,6,162.27,0.11,866.52,673.1,193.42,UPI
ORD00980,2025-04-13,CUST0090,East,Furniture,Cabinet,9,1219.01,0.02,10751.67,7223.48,3528.19,UPI
ORD00981,2024-08-10,CUST0120,East,Accessories,Laptop Stand,8,136.47,0.15,928.0,470.85,457.15,Net Banking
ORD00982,2025-02-23,CUST0249,West,Accessories,Webcam,9,678.24,0.01,6043.12,2748.45,3294.67,Credit Card
ORD00983,2024-06-22,CUST0470,North,Accessories,Laptop Stand,9,1336.19,0.13,10462.37,6777.12,3685.25,Credit Card
ORD00984,2024-09-25,CUST0119,East,Electronics,Monitor,6,848.02,0.0,5088.12,2433.81,2654.31,Net Banking
ORD00985,2025-05-13,CUST0441,Central,Accessories,Mouse,9,1474.22,0.13,11543.14,8377.73,3165.41,UPI
ORD00986,2025-11-05,CUST0202,East,Furniture,Bookshelf,6,1068.97,0.06,6028.99,3397.66,2631.33,Credit Card
ORD00987,2024-08-15,CUST0281,West,Accessories,USB Hub,3,667.27,0.23,1541.39,1034.84,506.55,Net Banking
ORD00988,2025-01-31,CUST0253,Central,Accessories,USB Hub,8,454.58,0.1,3272.98,2449.34,823.64,Credit Card
ORD00989,2024-11-03,CUST0489,East,Furniture,Bookshelf,3,410.14,0.24,935.12,618.35,316.77,Net Banking
ORD00990,2024-05-23,CUST0024,Central,Accessories,Webcam,6,263.5,0.06,1486.14,805.81,680.33,Credit Card
ORD00991,2024-02-13,CUST0155,East,Furniture,Chair,5,178.35,0.18,731.24,547.77,183.47,Debit Card
ORD00992,2025-07-21,CUST0031,Central,Accessories,Mouse,7,103.64,0.03,703.72,422.96,280.76,UPI
ORD00993,2025-06-13,CUST0401,South,Furniture,Cabinet,2,1412.0,0.23,2174.48,1409.89,764.59,UPI
ORD00994,2024-11-12,CUST0300,North,Accessories,USB Hub,6,688.43,0.21,3263.16,2546.68,716.48,Net Banking
ORD00995,2025-12-03,CUST0175,North,Accessories,Mouse,4,631.93,0.05,2401.33,1817.32,584.01,UPI
ORD00996,2024-11-13,CUST0291,South,Electronics,Laptop,6,1043.96,0.1,5637.38,4251.63,1385.75,Credit Card
ORD00997,2024-05-23,CUST0146,Central,Electronics,Keyboard,2,1026.75,0.21,1622.27,859.75,762.52,Net Banking
ORD00998,2025-11-07,CUST0194,South,Accessories,Mouse,9,390.12,0.21,2773.75,1745.54,1028.21,Net Banking
ORD00999,2025-08-14,CUST0234,Central,Accessories,USB Hub,8,221.83,0.05,1685.91,791.31,894.6,Net Banking
ORD01000,2024-05-25,CUST0324,North,Office Supplies,Pen Set,9,488.24,0.24,3339.56,1729.23,1610.33,UPI
ORD01001,2025-12-06,CUST0463,Central,Furniture,Chair,8,1169.2,0.19,7576.42,4281.22,3295.2,Debit Card
ORD01002,2024-01-26,CUST0395,South,Office Supplies,Pen Set,4,351.92,0.1,1266.91,754.57,512.34,Credit Card
ORD01003,2025-09-10,CUST0146,Central,Electronics,Headphones,3,174.9,0.21,414.51,217.0,197.51,Net Banking
ORD01004,2025-05-16,CUST0035,West,Electronics,Monitor,1,765.28,0.2,612.22,370.11,242.11,UPI
ORD01005,2025-08-31,CUST0307,East,Electronics,Laptop,6,745.87,0.06,4206.71,3195.94,1010.77,UPI
ORD01006,2025-12-27,CUST0092,East,Electronics,Keyboard,1,1488.3,0.03,1443.65,1051.88,391.77,Net Banking
ORD01007,2025-12-13,CUST0413,South,Accessories,Webcam,3,659.68,0.17,1642.6,1089.31,553.29,UPI
ORD01008,2024-02-20,CUST0081,West,Electronics,Laptop,4,179.95,0.11,640.62,506.21,134.41,UPI
ORD01009,2024-05-21,CUST0356,Central,Accessories,Mouse,2,1297.97,0.19,2102.71,1070.47,1032.24,UPI
ORD01010,2024-07-23,CUST0029,Central,Accessories,Mouse,8,75.28,0.11,535.99,262.42,273.57,Debit Card
ORD01011,2025-03-08,CUST0401,North,Electronics,Keyboard,8,558.0,0.16,3749.76,2870.22,879.54,Net Banking
ORD01012,2025-10-27,CUST0463,East,Electronics,Headphones,7,1001.98,0.09,6382.61,3255.06,3127.55,Debit Card
ORD01013,2024-07-08,CUST0199,West,Furniture,Bookshelf,2,1322.3,0.25,1983.45,1061.98,921.47,Credit Card
ORD01014,2024-02-24,CUST0477,Central,Office Supplies,Pen Set,4,1473.22,0.22,4596.45,2275.15,2321.3,Debit Card
ORD01015,2024-05-01,CUST0299,Central,Electronics,Keyboard,5,1474.33,0.16,6192.19,3136.8,3055.39,Credit Card
ORD01016,2024-05-06,CUST0197,Central,Furniture,Desk,9,1141.05,0.18,8420.95,5879.62,2541.33,UPI
ORD01017,2025-11-05,CUST0061,Central,Furniture,Bookshelf,8,478.4,0.12,3367.94,1896.4,1471.54,UPI
ORD01018,2024-07-12,CUST0482,East,Office Supplies,Notebook,6,1371.68,0.15,6995.57,4518.78,2476.79,Net Banking
ORD01019,2025-04-10,CUST0362,East,Accessories,USB Hub,4,452.74,0.18,1484.99,1050.49,434.5,Credit Card
ORD01020,2025-05-28,CUST0088,East,Electronics,Laptop,8,861.34,0.09,6270.56,4482.12,1788.44,Debit Card
ORD01021,2024-05-07,CUST0200,South,Office Supplies,Notebook,4,1267.69,0.1,4563.68,2887.64,1676.04,Debit Card
ORD01022,2025-10-04,CUST0416,West,Electronics,Keyboard,6,695.36,0.22,3254.28,2031.5,1222.78,Debit Card
ORD01023,2024-03-01,CUST0125,East,Furniture,Desk,9,360.53,0.1,2920.29,2158.61,761.68,Net Banking
ORD01024,2025-06-16,CUST0494,East,Furniture,Cabinet,2,579.75,0.2,927.6,701.31,226.29,Debit Card
ORD01025,2024-07-10,CUST0250,South,Accessories,Laptop Stand,6,532.77,0.24,2429.43,1926.31,503.12,Debit Card
ORD01026,2024-02-04,CUST0193,West,Furniture,Bookshelf,3,687.46,0.03,2000.51,1395.62,604.89,UPI
ORD01027,2024-11-14,CUST0333,West,Furniture,Chair,9,186.94,0.18,1379.62,1061.03,318.59,Credit Card
ORD01028,2024-11-19,CUST0180,West,Office Supplies,Stapler,6,291.13,0.16,1467.3,828.61,638.69,Debit Card
ORD01029,2024-02-18,CUST0016,North,Electronics,Keyboard,5,1449.17,0.0,7245.85,4480.79,2765.06,Net Banking
ORD01030,2025-09-28,CUST0319,North,Electronics,Monitor,7,664.67,0.1,4187.42,2958.22,1229.2,Debit Card
ORD01031,2025-11-27,CUST0215,East,Office Supplies,Printer Paper,2,1101.02,0.13,1915.77,1486.37,429.4,Credit Card
ORD01032,2024-04-06,CUST0375,South,Accessories,Laptop Stand,9,1113.43,0.22,7816.28,4742.76,3073.52,Net Banking
ORD01033,2024-09-18,CUST0410,East,Electronics,Headphones,6,1296.76,0.11,6924.7,4536.04,2388.66,Net Banking
ORD01034,2024-11-27,CUST0398,North,Furniture,Desk,3,142.9,0.05,407.27,246.1,161.17,Net Banking
ORD01035,2024-08-15,CUST0322,South,Electronics,Keyboard,4,1367.75,0.24,4157.96,2493.82,1664.14,Credit Card
ORD01036,2024-01-19,CUST0066,North,Furniture,Chair,6,1461.14,0.17,7276.48,4314.1,2962.38,Net Banking
ORD01037,2025-10-12,CUST0039,North,Accessories,USB Hub,6,804.15,0.07,4487.16,3006.92,1480.24,Net Banking
ORD01038,2024-09-14,CUST0486,Central,Office Supplies,Notebook,9,1303.68,0.06,11029.13,7967.78,3061.35,Debit Card
ORD01039,2024-09-21,CUST0093,East,Electronics,Laptop,4,1028.56,0.02,4031.96,2373.56,1658.4,Debit Card
ORD01040,2025-03-29,CUST0191,East,Office Supplies,Pen Set,3,73.59,0.14,189.86,132.53,57.33,Net Banking
ORD01041,2025-09-26,CUST0048,East,Electronics,Keyboard,9,377.57,0.17,2820.45,1463.43,1357.02,Net Banking
ORD01042,2024-06-29,CUST0019,South,Furniture,Bookshelf,2,589.74,0.1,1061.53,768.71,292.82,Credit Card
ORD01043,2025-11-25,CUST0351,East,Office Supplies,Stapler,1,731.79,0.09,665.93,384.32,281.61,Debit Card
ORD01044,2025-09-22,CUST0380,North,Electronics,Keyboard,1,1227.73,0.2,982.18,609.18,373.0,Debit Card
ORD01045,2025-11-17,CUST0183,North,Furniture,Desk,8,313.09,0.03,2429.58,1141.27,1288.31,UPI
ORD01046,2025-06-12,CUST0253,Central,Office Supplies,Stapler,5,523.85,0.25,1964.44,1243.96,720.48,Debit Card
ORD01047,2025-04-08,CUST0200,Central,Office Supplies,Pen Set,6,604.59,0.08,3337.34,1743.92,1593.42,Credit Card
ORD01048,2024-01-18,CUST0165,Central,Electronics,Headphones,8,859.18,0.17,5704.96,2572.91,3132.05,Debit Card
ORD01049,2024-09-22,CUST0128,West,Electronics,Laptop,1,208.01,0.01,205.93,114.68,91.25,UPI
ORD01050,2024-10-08,CUST0112,East,Electronics,Headphones,5,1349.22,0.18,5531.8,3199.87,2331.93,Debit Card
ORD01051,2024-12-30,CUST0035,North,Furniture,Bookshelf,5,1105.43,0.22,4311.18,2230.62,2080.56,Debit Card
ORD01052,2025-01-24,CUST0180,Central,Electronics,Keyboard,9,552.12,0.03,4820.01,3163.21,1656.8,UPI
ORD01053,2024-08-14,CUST0081,South,Office Supplies,Notebook,5,1060.05,0.2,4240.2,2841.74,1398.46,Debit Card
ORD01054,2024-10-19,CUST0293,Central,Office Supplies,Pen Set,8,1101.01,0.11,7839.19,5405.24,2433.95,UPI
ORD01055,2024-08-31,CUST0420,North,Electronics,Keyboard,3,1200.75,0.23,2773.73,2198.12,575.61,Net Banking
ORD01056,2025-01-07,CUST0056,East,Electronics,Monitor,8,287.38,0.03,2230.07,1259.27,970.8,Debit Card
ORD01057,2024-10-30,CUST0233,West,Accessories,Laptop Stand,3,40.64,0.16,102.41,59.17,43.24,Debit Card
ORD01058,2024-11-25,CUST0211,North,Office Supplies,Printer Paper,7,217.97,0.22,1190.12,805.99,384.13,Credit Card
ORD01059,2024-01-19,CUST0231,South,Furniture,Desk,1,285.36,0.06,268.24,123.07,145.17,UPI
ORD01060,2024-03-09,CUST0037,Central,Accessories,USB Hub,5,1454.77,0.17,6037.3,2866.63,3170.67,Net Banking
ORD01061,2025-09-09,CUST0137,Central,Electronics,Headphones,3,1435.08,0.17,3573.35,1867.86,1705.49,Net Banking
ORD01062,2025-12-07,CUST0343,South,Electronics,Laptop,6,284.37,0.08,1569.72,936.27,633.45,UPI
ORD01063,2025-08-23,CUST0475,South,Office Supplies,Printer Paper,2,1419.76,0.23,2186.43,1275.77,910.66,Net Banking
ORD01064,2024-12-31,CUST0421,Central,Electronics,Keyboard,4,213.78,0.17,709.75,370.58,339.17,UPI
ORD01065,2025-07-27,CUST0254,Central,Furniture,Desk,8,1356.58,0.22,8465.06,5185.73,3279.33,Debit Card
ORD01066,2025-06-12,CUST0370,Central,Office Supplies,Notebook,2,609.63,0.07,1133.91,577.72,556.19,Credit Card
ORD01067,2025-10-07,CUST0108,South,Electronics,Monitor,7,38.39,0.22,209.61,97.63,111.98,Net Banking
ORD01068,2024-08-22,CUST0041,Central,Office Supplies,Notebook,4,1281.61,0.14,4408.74,2288.4,2120.34,Credit Card
ORD01069,2025-08-14,CUST0134,Central,Electronics,Monitor,9,1499.57,0.21,10661.94,6147.88,4514.06,Credit Card
ORD01070,2025-08-05,CUST0214,East,Electronics,Headphones,2,983.19,0.24,1494.45,1123.89,370.56,Credit Card
ORD01071,2024-08-29,CUST0158,South,Electronics,Laptop,4,1040.08,0.15,3536.27,2257.37,1278.9,Debit Card
ORD01072,2024-02-14,CUST0472,East,Furniture,Bookshelf,8,871.74,0.11,6206.79,3911.67,2295.12,UPI
ORD01073,2024-07-10,CUST0077,North,Furniture,Cabinet,1,401.75,0.12,353.54,279.8,73.74,Net Banking
ORD01074,2025-01-05,CUST0265,East,Office Supplies,Stapler,7,1154.72,0.24,6143.11,4368.91,1774.2,Net Banking
ORD01075,2025-03-12,CUST0438,South,Electronics,Monitor,8,685.87,0.21,4334.7,3402.27,932.43,UPI
ORD01076,2025-06-13,CUST0471,West,Electronics,Laptop,7,1252.1,0.21,6924.11,4143.22,2780.89,Debit Card
ORD01077,2025-12-31,CUST0316,South,Furniture,Bookshelf,1,529.23,0.25,396.92,285.92,111.0,Net Banking
ORD01078,2025-12-09,CUST0468,West,Electronics,Keyboard,8,864.61,0.19,5602.67,2815.07,2787.6,Net Banking
ORD01079,2024-01-05,CUST0077,North,Furniture,Chair,6,212.9,0.08,1175.21,576.92,598.29,Credit Card
ORD01080,2025-06-23,CUST0206,Central,Electronics,Keyboard,6,889.8,0.02,5232.02,3933.7,1298.32,UPI
ORD01081,2025-09-08,CUST0348,North,Office Supplies,Pen Set,4,632.61,0.07,2353.31,1229.35,1123.96,Debit Card
ORD01082,2025-08-14,CUST0082,North,Electronics,Laptop,1,856.31,0.21,676.48,332.23,344.25,UPI
ORD01083,2025-02-22,CUST0088,North,Electronics,Keyboard,7,1378.66,0.23,7430.98,5265.82,2165.16,Net Banking
ORD01084,2025-11-29,CUST0245,Central,Accessories,Laptop Stand,7,1034.69,0.19,5866.69,3733.8,2132.89,UPI
ORD01085,2024-01-12,CUST0404,Central,Furniture,Bookshelf,3,42.59,0.06,120.1,65.9,54.2,Net Banking
ORD01086,2025-04-14,CUST0301,Central,Electronics,Headphones,6,982.14,0.16,4949.99,3884.15,1065.84,Net Banking
ORD01087,2024-11-22,CUST0200,Central,Electronics,Laptop,8,1399.56,0.18,9181.11,6592.19,2588.92,Credit Card
ORD01088,2025-04-21,CUST0382,East,Accessories,Webcam,4,1219.25,0.03,4730.69,2904.78,1825.91,Credit Card
ORD01089,2024-09-15,CUST0492,East,Accessories,Laptop Stand,2,1491.55,0.14,2565.47,1307.24,1258.23,UPI
ORD01090,2025-01-07,CUST0060,Central,Furniture,Bookshelf,6,1391.94,0.17,6931.86,4795.45,2136.41,Credit Card
ORD01091,2024-03-09,CUST0236,Central,Accessories,Mouse,3,984.49,0.18,2421.85,1673.04,748.81,Credit Card
ORD01092,2025-07-27,CUST0119,Central,Office Supplies,Notebook,2,409.99,0.09,746.18,378.29,367.89,Credit Card
ORD01093,2025-05-30,CUST0021,Central,Accessories,Webcam,7,815.38,0.01,5650.58,3421.08,2229.5,Net Banking
ORD01094,2024-10-19,CUST0185,South,Office Supplies,Notebook,7,160.46,0.1,1010.9,598.77,412.13,UPI
ORD01095,2025-12-09,CUST0486,East,Furniture,Cabinet,4,1434.69,0.18,4705.78,3207.43,1498.35,Net Banking
ORD01096,2025-01-30,CUST0221,West,Furniture,Bookshelf,4,780.18,0.2,2496.58,1449.96,1046.62,Net Banking
ORD01097,2025-06-10,CUST0234,West,Furniture,Bookshelf,1,631.53,0.1,568.38,390.96,177.42,UPI
ORD01098,2024-04-29,CUST0308,East,Furniture,Bookshelf,9,272.38,0.22,1912.11,1299.57,612.54,UPI
ORD01099,2024-12-01,CUST0041,West,Furniture,Bookshelf,5,1380.18,0.22,5382.7,3266.53,2116.17,UPI
ORD01100,2025-09-11,CUST0453,North,Office Supplies,Printer Paper,3,1498.99,0.07,4182.18,2363.27,1818.91,Net Banking
ORD01101,2025-07-14,CUST0401,South,Office Supplies,Pen Set,2,1157.26,0.22,1805.33,952.37,852.96,Credit Card
ORD01102,2025-09-05,CUST0260,Central,Furniture,Desk,5,816.12,0.08,3754.15,1879.93,1874.22,UPI
ORD01103,2025-05-09,CUST0282,Central,Accessories,Mouse,5,118.11,0.09,537.4,317.58,219.82,UPI
ORD01104,2025-02-02,CUST0379,North,Electronics,Monitor,7,1238.44,0.22,6761.88,4197.11,2564.77,Net Banking
ORD01105,2024-11-09,CUST0147,West,Furniture,Desk,4,567.07,0.08,2086.82,1248.42,838.4,Debit Card
ORD01106,2025-10-19,CUST0052,West,Accessories,USB Hub,5,171.29,0.21,676.6,442.38,234.22,Debit Card
ORD01107,2024-04-20,CUST0234,Central,Electronics,Headphones,9,1296.26,0.07,10849.7,7490.25,3359.45,Credit Card
ORD01108,2025-10-16,CUST0395,South,Furniture,Chair,3,1217.29,0.2,2921.5,1781.99,1139.51,UPI
ORD01109,2024-04-29,CUST0293,North,Furniture,Cabinet,5,829.01,0.14,3564.74,2223.47,1341.27,Net Banking
ORD01110,2024-03-18,CUST0226,South,Office Supplies,Printer Paper,5,311.49,0.1,1401.71,742.52,659.19,Credit Card
ORD01111,2024-04-18,CUST0194,East,Electronics,Laptop,4,815.01,0.05,3097.04,1562.5,1534.54,UPI
ORD01112,2025-06-05,CUST0451,Central,Electronics,Monitor,3,72.71,0.12,191.95,123.61,68.34,UPI
ORD01113,2024-06-23,CUST0004,South,Accessories,USB Hub,7,57.7,0.02,395.82,208.75,187.07,UPI
ORD01114,2025-10-29,CUST0147,Central,Office Supplies,Stapler,7,501.74,0.04,3371.69,2355.05,1016.64,UPI
ORD01115,2024-04-10,CUST0039,South,Office Supplies,Pen Set,1,518.64,0.15,440.84,247.08,193.76,Credit Card
ORD01116,2024-12-07,CUST0465,South,Office Supplies,Pen Set,8,1190.24,0.0,9521.92,5261.86,4260.06,UPI
ORD01117,2025-08-20,CUST0102,North,Office Supplies,Stapler,8,717.34,0.14,4935.3,3823.7,1111.6,Credit Card
ORD01118,2025-02-27,CUST0101,South,Electronics,Monitor,5,1360.84,0.22,5307.28,3640.37,1666.91,Net Banking
ORD01119,2025-06-28,CUST0044,Central,Electronics,Headphones,2,1002.91,0.11,1785.18,1358.86,426.32,Net Banking
ORD01120,2024-10-12,CUST0204,West,Furniture,Desk,9,1239.02,0.17,9255.48,6435.02,2820.46,Net Banking
ORD01121,2024-01-13,CUST0091,South,Furniture,Bookshelf,9,1005.26,0.05,8594.97,5845.11,2749.86,Net Banking
ORD01122,2024-02-12,CUST0008,Central,Office Supplies,Pen Set,4,591.07,0.25,1773.21,1040.67,732.54,Credit Card
ORD01123,2024-04-24,CUST0460,North,Office Supplies,Stapler,3,639.76,0.11,1708.16,800.92,907.24,Net Banking
ORD01124,2024-06-20,CUST0485,North,Office Supplies,Pen Set,3,731.47,0.23,1689.7,1179.0,510.7,Debit Card
ORD01125,2025-02-12,CUST0470,Central,Furniture,Cabinet,6,1284.83,0.06,7246.44,4091.69,3154.75,Debit Card
ORD01126,2025-11-07,CUST0077,Central,Accessories,Laptop Stand,9,388.41,0.15,2971.34,1410.02,1561.32,Debit Card
ORD01127,2024-12-07,CUST0012,Central,Accessories,Mouse,1,1363.27,0.21,1076.98,669.51,407.47,Net Banking
ORD01128,2024-08-09,CUST0052,West,Furniture,Chair,5,361.35,0.19,1463.47,832.19,631.28,Debit Card
ORD01129,2024-11-04,CUST0227,South,Furniture,Desk,3,689.37,0.0,2068.11,1015.37,1052.74,Credit Card
ORD01130,2024-01-20,CUST0112,South,Furniture,Cabinet,1,773.65,0.16,649.87,373.5,276.37,Net Banking
ORD01131,2024-08-19,CUST0262,West,Furniture,Bookshelf,2,207.29,0.12,364.83,261.68,103.15,UPI
ORD01132,2024-05-12,CUST0425,South,Furniture,Chair,6,1036.24,0.21,4911.78,2923.48,1988.3,Net Banking
ORD01133,2024-10-15,CUST0033,West,Furniture,Cabinet,7,614.89,0.21,3400.34,1942.25,1458.09,Net Banking
ORD01134,2025-06-19,CUST0214,South,Office Supplies,Notebook,4,484.79,0.11,1725.85,919.68,806.17,Net Banking
ORD01135,2025-11-26,CUST0027,South,Office Supplies,Stapler,6,1266.06,0.15,6456.91,3044.72,3412.19,UPI
ORD01136,2024-09-01,CUST0305,North,Office Supplies,Notebook,7,477.0,0.07,3105.27,2264.97,840.3,Net Banking
ORD01137,2025-09-03,CUST0402,Central,Office Supplies,Notebook,2,848.54,0.0,1697.08,812.79,884.29,UPI
ORD01138,2025-11-19,CUST0342,Central,Furniture,Chair,2,1488.52,0.16,2500.71,1178.97,1321.74,UPI
ORD01139,2025-06-14,CUST0447,West,Accessories,Mouse,9,1382.0,0.11,11069.82,8834.78,2235.04,Debit Card
ORD01140,2025-05-22,CUST0046,East,Electronics,Laptop,7,373.37,0.21,2064.74,1495.64,569.1,Debit Card
ORD01141,2025-05-25,CUST0333,West,Furniture,Desk,8,857.03,0.16,5759.24,3297.64,2461.6,UPI
ORD01142,2024-08-26,CUST0234,Central,Electronics,Monitor,5,1376.87,0.14,5920.54,2983.0,2937.54,Debit Card
ORD01143,2025-01-10,CUST0230,West,Accessories,Mouse,9,70.58,0.08,584.4,428.75,155.65,Credit Card
ORD01144,2025-08-29,CUST0056,West,Office Supplies,Stapler,4,167.5,0.07,623.1,461.79,161.31,UPI
ORD01145,2024-01-21,CUST0311,West,Accessories,Laptop Stand,9,764.21,0.01,6809.11,5309.62,1499.49,Credit Card
ORD01146,2025-06-25,CUST0285,West,Furniture,Chair,4,1138.05,0.15,3869.37,2590.06,1279.31,Credit Card
ORD01147,2025-10-01,CUST0104,North,Office Supplies,Printer Paper,2,1103.79,0.19,1788.14,1350.69,437.45,Credit Card
ORD01148,2024-10-19,CUST0025,North,Furniture,Desk,1,1107.77,0.03,1074.54,807.77,266.77,Debit Card
ORD01149,2025-09-29,CUST0316,East,Office Supplies,Stapler,1,28.77,0.15,24.45,18.25,6.2,Net Banking
ORD01150,2024-11-01,CUST0254,West,Electronics,Laptop,4,1096.11,0.03,4252.91,2220.52,2032.39,Net Banking
ORD01151,2025-11-30,CUST0313,East,Electronics,Headphones,8,596.11,0.08,4387.37,2684.31,1703.06,Debit Card
ORD01152,2024-12-16,CUST0013,West,Electronics,Monitor,7,469.11,0.22,2561.34,1853.21,708.13,Debit Card
ORD01153,2024-09-19,CUST0166,Central,Accessories,Laptop Stand,1,426.33,0.21,336.8,152.19,184.61,Credit Card
ORD01154,2025-05-16,CUST0252,East,Furniture,Cabinet,2,974.46,0.21,1539.65,1021.12,518.53,Credit Card
ORD01155,2025-05-10,CUST0166,East,Accessories,USB Hub,5,844.08,0.17,3502.93,2302.02,1200.91,UPI
ORD01156,2025-06-15,CUST0289,North,Electronics,Laptop,4,902.78,0.07,3358.34,1604.87,1753.47,Net Banking
ORD01157,2024-07-19,CUST0217,South,Furniture,Cabinet,6,1037.31,0.09,5663.71,3068.84,2594.87,UPI
ORD01158,2025-11-21,CUST0064,Central,Electronics,Keyboard,3,1415.06,0.2,3396.14,2226.83,1169.31,Net Banking
ORD01159,2024-02-27,CUST0480,Central,Accessories,USB Hub,5,264.75,0.24,1006.05,490.72,515.33,Debit Card
ORD01160,2025-05-11,CUST0020,North,Accessories,USB Hub,1,665.35,0.16,558.89,318.12,240.77,UPI
ORD01161,2025-08-17,CUST0481,North,Accessories,Mouse,7,1145.81,0.23,6175.92,3769.78,2406.14,Credit Card
ORD01162,2025-02-10,CUST0138,East,Electronics,Monitor,6,173.59,0.2,833.23,386.29,446.94,UPI
ORD01163,2024-07-14,CUST0248,Central,Furniture,Bookshelf,7,809.61,0.03,5497.25,4152.63,1344.62,UPI
ORD01164,2025-06-15,CUST0106,Central,Furniture,Chair,4,1071.11,0.09,3898.84,2891.56,1007.28,Debit Card
ORD01165,2024-09-20,CUST0149,South,Electronics,Headphones,6,1272.26,0.18,6259.52,3280.62,2978.9,Debit Card
ORD01166,2024-12-21,CUST0026,South,Furniture,Cabinet,9,64.43,0.1,521.88,339.2,182.68,Net Banking
ORD01167,2025-10-16,CUST0081,Central,Electronics,Monitor,7,185.16,0.21,1023.93,818.13,205.8,Debit Card
ORD01168,2024-02-22,CUST0472,West,Furniture,Cabinet,6,1072.47,0.07,5984.38,3909.99,2074.39,Net Banking
ORD01169,2025-03-22,CUST0290,North,Office Supplies,Pen Set,8,707.21,0.06,5318.22,3333.25,1984.97,UPI
ORD01170,2024-10-16,CUST0432,West,Office Supplies,Notebook,5,178.19,0.17,739.49,549.17,190.32,UPI
ORD01171,2025-01-04,CUST0227,North,Accessories,USB Hub,1,322.67,0.08,296.86,182.4,114.46,UPI
ORD01172,2025-06-16,CUST0152,West,Office Supplies,Printer Paper,5,945.04,0.21,3732.91,2728.24,1004.67,Debit Card
ORD01173,2025-09-19,CUST0188,North,Office Supplies,Notebook,6,910.09,0.22,4259.22,2095.28,2163.94,UPI
ORD01174,2024-12-16,CUST0099,South,Office Supplies,Pen Set,7,789.11,0.19,4474.25,2831.94,1642.31,UPI
ORD01175,2025-09-24,CUST0109,West,Electronics,Monitor,2,1397.18,0.2,2235.49,1344.6,890.89,UPI
ORD01176,2024-03-02,CUST0300,East,Office Supplies,Printer Paper,7,373.58,0.01,2588.91,1730.33,858.58,UPI
ORD01177,2025-01-03,CUST0167,Central,Office Supplies,Pen Set,7,1295.99,0.22,7076.11,4342.94,2733.17,Net Banking
ORD01178,2025-07-20,CUST0404,North,Accessories,Mouse,6,1443.41,0.1,7794.41,5147.26,2647.15,Credit Card
ORD01179,2025-02-15,CUST0097,East,Office Supplies,Pen Set,5,1040.62,0.17,4318.57,2324.68,1993.89,Debit Card
ORD01180,2024-07-20,CUST0250,South,Office Supplies,Stapler,2,1194.08,0.09,2173.23,1692.0,481.23,Credit Card
ORD01181,2025-03-21,CUST0361,Central,Furniture,Chair,2,272.0,0.16,456.96,272.78,184.18,Credit Card
ORD01182,2024-12-18,CUST0068,Central,Accessories,Webcam,2,1181.07,0.05,2244.03,1508.02,736.01,Net Banking
ORD01183,2025-03-29,CUST0402,East,Accessories,USB Hub,5,491.02,0.06,2307.79,1488.35,819.44,Debit Card
ORD01184,2024-04-16,CUST0328,North,Accessories,Laptop Stand,1,1440.82,0.21,1138.25,852.41,285.84,Credit Card
ORD01185,2025-05-05,CUST0273,Central,Accessories,Mouse,4,420.95,0.21,1330.2,613.43,716.77,Net Banking
ORD01186,2025-05-29,CUST0193,North,Accessories,USB Hub,5,363.15,0.2,1452.6,939.97,512.63,UPI
ORD01187,2024-04-29,CUST0115,Central,Accessories,Mouse,6,288.17,0.17,1435.09,876.58,558.51,Credit Card
ORD01188,2025-11-22,CUST0010,West,Electronics,Laptop,1,1225.03,0.23,943.27,429.64,513.63,Credit Card
ORD01189,2025-11-16,CUST0481,South,Office Supplies,Printer Paper,6,158.07,0.18,777.7,611.25,166.45,UPI
ORD01190,2025-01-03,CUST0110,South,Accessories,USB Hub,7,206.56,0.22,1127.82,709.71,418.11,UPI
ORD01191,2025-05-03,CUST0417,Central,Office Supplies,Printer Paper,6,1192.02,0.15,6079.3,4669.64,1409.66,Net Banking
ORD01192,2024-06-16,CUST0438,Central,Office Supplies,Stapler,3,54.72,0.08,151.03,96.34,54.69,Net Banking
ORD01193,2025-10-20,CUST0427,West,Electronics,Monitor,3,600.94,0.07,1676.62,1237.27,439.35,UPI
ORD01194,2025-10-24,CUST0176,East,Accessories,Webcam,9,198.1,0.02,1747.24,1249.47,497.77,Debit Card
ORD01195,2024-10-03,CUST0236,South,Furniture,Cabinet,8,47.94,0.03,372.01,232.01,140.0,Credit Card
ORD01196,2024-06-07,CUST0444,Central,Electronics,Monitor,3,779.98,0.03,2269.74,1209.64,1060.1,Debit Card
ORD01197,2024-10-05,CUST0479,West,Furniture,Desk,5,810.89,0.21,3203.02,1891.84,1311.18,Credit Card
ORD01198,2024-12-25,CUST0486,West,Office Supplies,Stapler,3,1140.96,0.09,3114.82,2480.43,634.39,UPI
ORD01199,2025-12-23,CUST0011,Central,Office Supplies,Notebook,3,509.58,0.04,1467.59,1053.53,414.06,Credit Card
ORD01200,2025-03-14,CUST0334,Central,Electronics,Headphones,2,478.45,0.13,832.5,568.01,264.49,Net Banking
ORD01201,2024-12-14,CUST0484,Central,Electronics,Laptop,4,449.62,0.14,1546.69,708.85,837.84,Net Banking
ORD01202,2024-01-04,CUST0044,South,Furniture,Chair,9,1403.5,0.21,9978.89,6738.62,3240.27,UPI
ORD01203,2024-10-03,CUST0464,North,Accessories,Laptop Stand,2,777.79,0.14,1337.8,854.07,483.73,Credit Card
ORD01204,2025-07-01,CUST0417,Central,Furniture,Desk,6,1206.1,0.24,5499.82,2664.51,2835.31,UPI
ORD01205,2024-11-17,CUST0396,North,Electronics,Keyboard,8,114.85,0.04,882.05,633.28,248.77,UPI
ORD01206,2024-06-28,CUST0408,Central,Furniture,Bookshelf,4,412.0,0.09,1499.68,1046.65,453.03,UPI
ORD01207,2024-03-31,CUST0342,South,Electronics,Headphones,1,1422.35,0.09,1294.34,695.65,598.69,Credit Card
ORD01208,2024-09-19,CUST0306,North,Furniture,Chair,3,289.86,0.24,660.88,472.05,188.83,UPI
ORD01209,2024-03-10,CUST0386,East,Electronics,Keyboard,9,566.2,0.18,4178.56,2135.1,2043.46,Net Banking
ORD01210,2025-04-19,CUST0100,North,Electronics,Headphones,9,718.73,0.1,5821.71,3131.53,2690.18,Credit Card
ORD01211,2025-07-20,CUST0257,South,Electronics,Laptop,6,1287.3,0.03,7492.09,4283.29,3208.8,Net Banking
ORD01212,2025-12-23,CUST0025,Central,Accessories,Mouse,9,1256.52,0.04,10856.33,8131.62,2724.71,Net Banking
ORD01213,2024-04-15,CUST0096,West,Furniture,Cabinet,3,1207.97,0.2,2899.13,1553.52,1345.61,Net Banking
ORD01214,2024-10-08,CUST0396,East,Furniture,Bookshelf,8,1297.06,0.02,10168.95,7344.98,2823.97,UPI
ORD01215,2025-10-10,CUST0167,North,Furniture,Chair,2,103.95,0.01,205.82,105.46,100.36,UPI
ORD01216,2025-10-11,CUST0242,Central,Electronics,Monitor,7,1317.37,0.23,7100.62,3856.28,3244.34,Credit Card
ORD01217,2024-12-24,CUST0249,East,Furniture,Chair,5,1085.15,0.02,5317.23,3572.21,1745.02,Debit Card
ORD01218,2025-08-25,CUST0259,West,Furniture,Desk,4,742.74,0.01,2941.25,2030.71,910.54,UPI
ORD01219,2024-11-04,CUST0343,West,Electronics,Laptop,1,622.62,0.06,585.26,372.92,212.34,Credit Card
ORD01220,2025-07-13,CUST0477,Central,Office Supplies,Printer Paper,9,97.91,0.01,872.38,485.8,386.58,UPI
ORD01221,2025-04-26,CUST0383,North,Electronics,Monitor,6,1254.51,0.0,7527.06,3948.47,3578.59,Credit Card
ORD01222,2024-10-02,CUST0418,Central,Furniture,Chair,9,1170.24,0.07,9794.91,7301.84,2493.07,Debit Card
ORD01223,2025-01-02,CUST0429,Central,Electronics,Headphones,7,544.28,0.17,3162.27,2529.26,633.01,Net Banking
ORD01224,2025-12-03,CUST0334,West,Office Supplies,Pen Set,6,240.04,0.11,1281.81,749.9,531.91,Credit Card
ORD01225,2025-01-11,CUST0292,East,Electronics,Keyboard,9,852.7,0.03,7444.07,3743.03,3701.04,Net Banking
ORD01226,2025-05-12,CUST0234,South,Furniture,Cabinet,9,1241.29,0.08,10277.88,8186.96,2090.92,Credit Card
ORD01227,2024-01-30,CUST0115,Central,Office Supplies,Pen Set,1,680.97,0.11,606.06,327.6,278.46,Net Banking
ORD01228,2025-05-17,CUST0444,East,Accessories,Mouse,7,488.93,0.18,2806.46,1381.76,1424.7,Net Banking
ORD01229,2024-06-23,CUST0451,West,Furniture,Desk,7,1322.77,0.07,8611.23,4194.4,4416.83,Debit Card
ORD01230,2025-05-14,CUST0016,Central,Office Supplies,Notebook,3,177.42,0.02,521.61,235.22,286.39,Net Banking
ORD01231,2025-03-28,CUST0433,South,Office Supplies,Pen Set,4,84.23,0.09,306.6,157.2,149.4,UPI
ORD01232,2024-01-12,CUST0209,Central,Accessories,USB Hub,6,337.81,0.13,1763.37,1247.77,515.6,Debit Card
ORD01233,2025-11-13,CUST0077,South,Electronics,Monitor,7,57.62,0.01,399.31,261.8,137.51,UPI
ORD01234,2025-04-09,CUST0446,West,Electronics,Laptop,1,343.74,0.06,323.12,218.04,105.08,Debit Card
ORD01235,2025-08-11,CUST0204,West,Furniture,Desk,7,1251.71,0.07,8148.63,4703.23,3445.4,Net Banking
ORD01236,2024-06-28,CUST0493,Central,Accessories,Webcam,5,549.07,0.18,2251.19,1772.54,478.65,UPI
ORD01237,2024-10-30,CUST0067,Central,Electronics,Keyboard,1,672.47,0.16,564.87,407.31,157.56,UPI
ORD01238,2024-07-09,CUST0389,South,Accessories,Laptop Stand,7,534.99,0.12,3295.54,1868.4,1427.14,Debit Card
ORD01239,2025-01-16,CUST0066,Central,Electronics,Headphones,8,165.05,0.18,1082.73,615.29,467.44,Credit Card
ORD01240,2025-08-13,CUST0212,North,Office Supplies,Notebook,4,767.04,0.17,2546.57,1668.99,877.58,UPI
ORD01241,2025-02-13,CUST0474,West,Electronics,Headphones,5,998.63,0.18,4094.38,1857.79,2236.59,Net Banking
ORD01242,2025-11-14,CUST0272,South,Accessories,Mouse,2,1310.26,0.04,2515.7,1313.84,1201.86,Debit Card
ORD01243,2025-04-08,CUST0134,East,Office Supplies,Stapler,1,393.36,0.04,377.63,295.88,81.75,Credit Card
ORD01244,2024-01-27,CUST0068,Central,Office Supplies,Stapler,5,247.06,0.11,1099.42,521.1,578.32,Debit Card
ORD01245,2025-12-27,CUST0366,South,Office Supplies,Printer Paper,8,352.5,0.18,2312.4,1613.48,698.92,Credit Card
ORD01246,2025-09-21,CUST0290,Central,Accessories,Webcam,8,297.28,0.23,1831.24,1157.34,673.9,Credit Card
ORD01247,2024-01-08,CUST0369,Central,Furniture,Desk,2,53.45,0.06,100.49,50.59,49.9,Net Banking
ORD01248,2024-03-02,CUST0062,South,Furniture,Desk,7,174.47,0.25,915.97,687.97,228.0,Credit Card
ORD01249,2024-04-30,CUST0013,Central,Furniture,Cabinet,7,646.15,0.07,4206.44,2586.21,1620.23,UPI
ORD01250,2024-11-19,CUST0173,East,Accessories,Laptop Stand,3,1208.39,0.11,3226.4,1715.6,1510.8,Net Banking
ORD01251,2025-08-01,CUST0453,East,Office Supplies,Notebook,2,176.47,0.17,292.94,161.16,131.78,Debit Card
ORD01252,2024-10-22,CUST0202,South,Furniture,Desk,3,1208.52,0.2,2900.45,1501.29,1399.16,Net Banking
ORD01253,2024-01-29,CUST0263,Central,Accessories,USB Hub,6,260.11,0.1,1404.59,1041.56,363.03,Credit Card
ORD01254,2024-04-26,CUST0280,South,Furniture,Desk,7,776.72,0.24,4132.15,2551.62,1580.53,UPI
ORD01255,2024-01-21,CUST0073,South,Electronics,Monitor,5,309.44,0.16,1299.65,956.6,343.05,Net Banking
ORD01256,2024-02-13,CUST0091,North,Furniture,Bookshelf,3,78.09,0.08,215.53,153.16,62.37,Net Banking
ORD01257,2025-04-14,CUST0021,West,Furniture,Chair,3,693.87,0.17,1727.74,1012.08,715.66,Net Banking
ORD01258,2025-10-05,CUST0398,West,Office Supplies,Printer Paper,7,725.2,0.08,4670.29,3281.24,1389.05,Net Banking
ORD01259,2025-01-19,CUST0090,North,Accessories,Mouse,3,686.86,0.07,1916.34,1062.26,854.08,UPI
ORD01260,2024-01-03,CUST0179,West,Office Supplies,Printer Paper,3,602.16,0.21,1427.12,855.44,571.68,Net Banking
ORD01261,2024-02-21,CUST0376,East,Office Supplies,Stapler,1,1217.37,0.2,973.9,511.54,462.36,UPI
ORD01262,2025-10-25,CUST0061,South,Office Supplies,Notebook,6,1449.44,0.24,6609.45,4975.41,1634.04,Debit Card
ORD01263,2024-01-06,CUST0341,East,Office Supplies,Notebook,1,401.48,0.06,377.39,233.32,144.07,Net Banking
ORD01264,2024-11-25,CUST0050,Central,Office Supplies,Stapler,4,951.09,0.2,3043.49,1510.87,1532.62,Net Banking
ORD01265,2024-05-23,CUST0060,West,Furniture,Chair,5,1449.94,0.21,5727.26,2987.16,2740.1,Net Banking
ORD01266,2024-10-01,CUST0018,East,Office Supplies,Stapler,3,1266.2,0.08,3494.71,2598.48,896.23,Credit Card
ORD01267,2024-06-20,CUST0223,North,Office Supplies,Notebook,3,963.98,0.0,2891.94,1334.75,1557.19,Credit Card
ORD01268,2024-11-27,CUST0165,South,Accessories,Laptop Stand,6,1012.07,0.16,5100.83,3957.51,1143.32,Net Banking
ORD01269,2025-04-02,CUST0318,North,Electronics,Monitor,3,1173.77,0.14,3028.33,2407.05,621.28,Credit Card
ORD01270,2025-10-13,CUST0119,North,Furniture,Cabinet,9,871.77,0.23,6041.37,3029.23,3012.14,UPI
ORD01271,2024-12-20,CUST0072,South,Furniture,Chair,8,958.4,0.19,6210.43,4937.97,1272.46,Credit Card
ORD01272,2025-02-18,CUST0210,West,Furniture,Bookshelf,2,279.93,0.11,498.28,362.67,135.61,Credit Card
ORD01273,2024-04-18,CUST0377,West,Office Supplies,Pen Set,4,560.56,0.1,2018.02,1399.44,618.58,Debit Card
ORD01274,2024-09-29,CUST0137,West,Office Supplies,Pen Set,9,152.03,0.05,1299.86,813.38,486.48,Credit Card
ORD01275,2024-11-11,CUST0001,West,Office Supplies,Pen Set,2,76.42,0.12,134.5,94.04,40.46,Credit Card
ORD01276,2025-10-05,CUST0114,North,Accessories,Mouse,3,1396.92,0.2,3352.61,1743.37,1609.24,Net Banking
ORD01277,2025-07-08,CUST0057,West,Electronics,Laptop,3,1113.43,0.16,2805.84,2231.3,574.54,Net Banking
ORD01278,2024-08-02,CUST0071,West,Office Supplies,Printer Paper,2,392.74,0.19,636.24,499.44,136.8,Credit Card
ORD01279,2024-09-02,CUST0272,East,Electronics,Keyboard,4,426.54,0.16,1433.17,1006.86,426.31,Credit Card
ORD01280,2024-02-25,CUST0079,West,Accessories,Laptop Stand,3,724.04,0.13,1889.74,1360.42,529.32,Credit Card
ORD01281,2025-05-17,CUST0489,East,Furniture,Desk,6,195.9,0.0,1175.4,895.07,280.33,UPI
ORD01282,2025-01-07,CUST0081,North,Office Supplies,Printer Paper,4,1238.55,0.17,4111.99,2987.32,1124.67,Net Banking
ORD01283,2025-10-27,CUST0245,West,Electronics,Keyboard,3,30.04,0.01,89.22,68.38,20.84,UPI
ORD01284,2025-09-22,CUST0454,Central,Electronics,Monitor,6,1306.64,0.12,6899.06,3915.83,2983.23,Credit Card
ORD01285,2024-04-12,CUST0489,Central,Office Supplies,Notebook,1,848.17,0.17,703.98,557.84,146.14,Debit Card
ORD01286,2025-06-13,CUST0313,East,Furniture,Desk,8,71.07,0.07,528.76,380.16,148.6,Debit Card
ORD01287,2025-04-03,CUST0289,South,Furniture,Cabinet,6,906.67,0.02,5331.22,2507.59,2823.63,Debit Card
ORD01288,2025-11-21,CUST0080,Central,Furniture,Desk,8,857.31,0.09,6241.22,4853.49,1387.73,Debit Card
ORD01289,2025-01-30,CUST0334,South,Accessories,USB Hub,4,286.97,0.14,987.18,518.68,468.5,UPI
ORD01290,2025-06-23,CUST0361,Central,Electronics,Headphones,2,1099.82,0.03,2133.65,1496.15,637.5,Credit Card
ORD01291,2024-07-03,CUST0032,East,Electronics,Headphones,9,572.05,0.04,4942.51,3190.07,1752.44,Debit Card
ORD01292,2024-09-29,CUST0464,East,Electronics,Laptop,6,953.17,0.14,4918.36,2850.34,2068.02,Debit Card
ORD01293,2024-01-15,CUST0370,Central,Accessories,Mouse,2,410.66,0.24,624.2,361.1,263.1,Credit Card
ORD01294,2025-06-11,CUST0156,South,Electronics,Laptop,8,792.38,0.16,5324.79,2832.82,2491.97,UPI
ORD01295,2024-05-07,CUST0210,West,Accessories,Mouse,9,1169.08,0.08,9679.98,6279.62,3400.36,UPI
ORD01296,2024-12-02,CUST0396,Central,Furniture,Bookshelf,9,1022.15,0.22,7175.49,5110.57,2064.92,Net Banking
ORD01297,2024-02-22,CUST0068,South,Office Supplies,Pen Set,8,998.78,0.07,7430.92,4003.23,3427.69,Net Banking
ORD01298,2025-08-26,CUST0376,West,Electronics,Monitor,2,862.34,0.23,1328.0,844.07,483.93,UPI
ORD01299,2025-10-07,CUST0330,South,Electronics,Monitor,7,1007.02,0.06,6626.19,4345.66,2280.53,Net Banking
ORD01300,2025-09-17,CUST0075,South,Furniture,Chair,5,1078.95,0.03,5232.91,3727.76,1505.15,UPI
ORD01301,2024-12-19,CUST0035,South,Office Supplies,Stapler,2,1400.09,0.19,2268.15,1689.85,578.3,Credit Card
ORD01302,2025-11-24,CUST0423,North,Accessories,Webcam,7,203.87,0.14,1227.3,838.0,389.3,UPI
ORD01303,2025-11-16,CUST0103,North,Office Supplies,Printer Paper,3,500.7,0.07,1396.95,644.97,751.98,UPI
ORD01304,2024-01-14,CUST0408,North,Furniture,Chair,1,717.24,0.2,573.79,283.23,290.56,Debit Card
ORD01305,2024-02-06,CUST0496,East,Furniture,Desk,5,390.36,0.17,1619.99,1150.08,469.91,UPI
ORD01306,2025-07-22,CUST0075,West,Office Supplies,Stapler,9,1410.22,0.09,11549.7,5415.53,6134.17,Credit Card
ORD01307,2024-02-07,CUST0245,Central,Accessories,Laptop Stand,2,764.75,0.0,1529.5,692.0,837.5,Debit Card
ORD01308,2025-05-25,CUST0400,North,Accessories,Webcam,8,1405.79,0.15,9559.37,4342.08,5217.29,Credit Card
ORD01309,2025-09-12,CUST0256,North,Electronics,Keyboard,6,419.97,0.13,2192.24,1735.05,457.19,Debit Card
ORD01310,2024-01-08,CUST0294,Central,Accessories,Laptop Stand,3,1342.6,0.07,3745.85,2423.37,1322.48,Credit Card
ORD01311,2025-11-29,CUST0302,Central,Office Supplies,Pen Set,1,352.85,0.14,303.45,217.7,85.75,UPI
ORD01312,2025-10-06,CUST0311,Central,Furniture,Bookshelf,3,1478.11,0.2,3547.46,2167.75,1379.71,Net Banking
ORD01313,2025-01-23,CUST0345,South,Electronics,Headphones,4,726.15,0.11,2585.09,1864.67,720.42,Net Banking
ORD01314,2024-09-28,CUST0214,West,Electronics,Keyboard,5,920.63,0.18,3774.58,2296.71,1477.87,Credit Card
ORD01315,2024-11-05,CUST0006,West,Furniture,Cabinet,2,1351.79,0.2,2162.86,1723.0,439.86,Debit Card
ORD01316,2024-08-12,CUST0258,South,Accessories,USB Hub,7,794.23,0.16,4670.07,3046.76,1623.31,Net Banking
ORD01317,2024-03-21,CUST0274,West,Furniture,Desk,8,755.59,0.01,5984.27,3975.4,2008.87,UPI
ORD01318,2024-10-09,CUST0366,West,Accessories,Webcam,1,982.37,0.08,903.78,516.79,386.99,Credit Card
ORD01319,2025-06-18,CUST0098,Central,Furniture,Bookshelf,1,467.84,0.07,435.09,276.84,158.25,UPI
ORD01320,2025-11-05,CUST0067,South,Office Supplies,Notebook,6,734.11,0.09,4008.24,2563.5,1444.74,Credit Card
ORD01321,2025-09-24,CUST0078,South,Accessories,Webcam,1,842.96,0.07,783.95,359.43,424.52,UPI
ORD01322,2025-04-20,CUST0027,South,Office Supplies,Notebook,2,1125.57,0.23,1733.38,1361.3,372.08,Credit Card
ORD01323,2025-01-16,CUST0184,South,Electronics,Headphones,7,972.42,0.0,6806.94,5114.95,1691.99,Debit Card
ORD01324,2024-07-02,CUST0425,West,Furniture,Cabinet,6,976.03,0.11,5212.0,2711.64,2500.36,Credit Card
ORD01325,2025-11-01,CUST0344,South,Electronics,Headphones,4,945.32,0.21,2987.21,2053.79,933.42,Credit Card
ORD01326,2025-08-12,CUST0416,West,Electronics,Monitor,8,1388.44,0.1,9996.77,6685.07,3311.7,Debit Card
ORD01327,2024-02-22,CUST0294,West,Electronics,Keyboard,8,1289.77,0.1,9286.34,7067.3,2219.04,Net Banking
ORD01328,2024-07-19,CUST0249,East,Electronics,Headphones,5,401.33,0.09,1826.05,1099.22,726.83,Net Banking
ORD01329,2024-06-25,CUST0052,North,Furniture,Desk,7,1245.53,0.1,7846.84,4955.93,2890.91,Debit Card
ORD01330,2025-04-01,CUST0461,East,Electronics,Headphones,8,697.3,0.13,4853.21,2421.61,2431.6,Credit Card
ORD01331,2025-09-18,CUST0496,South,Furniture,Bookshelf,2,1040.66,0.12,1831.56,1106.04,725.52,Net Banking
ORD01332,2024-02-16,CUST0036,North,Furniture,Desk,7,1338.76,0.08,8621.61,4324.89,4296.72,Credit Card
ORD01333,2025-07-08,CUST0244,Central,Office Supplies,Notebook,2,52.04,0.13,90.55,62.3,28.25,Credit Card
ORD01334,2025-09-07,CUST0372,East,Accessories,Mouse,3,382.36,0.18,940.61,620.12,320.49,Debit Card
ORD01335,2024-08-26,CUST0472,Central,Accessories,Laptop Stand,5,1443.73,0.18,5919.29,3999.06,1920.23,Credit Card
ORD01336,2024-08-09,CUST0077,Central,Furniture,Cabinet,7,1279.79,0.17,7435.58,5681.04,1754.54,Debit Card
ORD01337,2024-04-15,CUST0131,Central,Office Supplies,Notebook,5,266.14,0.18,1091.17,602.38,488.79,Net Banking
ORD01338,2024-09-07,CUST0434,Central,Furniture,Desk,8,47.32,0.14,325.56,227.04,98.52,Credit Card
ORD01339,2024-05-02,CUST0227,West,Furniture,Cabinet,4,778.63,0.08,2865.36,2152.4,712.96,Credit Card
ORD01340,2025-01-25,CUST0428,South,Furniture,Cabinet,3,533.63,0.1,1440.8,656.89,783.91,Credit Card
ORD01341,2024-07-20,CUST0421,East,Office Supplies,Stapler,4,1094.75,0.13,3809.73,1887.4,1922.33,Credit Card
ORD01342,2024-12-27,CUST0354,West,Accessories,Mouse,2,1054.56,0.06,1982.57,920.25,1062.32,Credit Card
ORD01343,2025-08-15,CUST0356,Central,Office Supplies,Printer Paper,7,890.07,0.13,5420.53,4096.21,1324.32,UPI
ORD01344,2024-08-23,CUST0191,Central,Electronics,Headphones,1,1075.92,0.23,828.46,398.45,430.01,Credit Card
ORD01345,2025-04-19,CUST0116,North,Office Supplies,Printer Paper,3,1469.31,0.02,4319.77,3338.24,981.53,Debit Card
ORD01346,2025-11-25,CUST0337,South,Office Supplies,Notebook,1,1204.61,0.15,1023.92,818.07,205.85,Net Banking
ORD01347,2025-10-31,CUST0206,East,Office Supplies,Notebook,1,180.02,0.11,160.22,77.63,82.59,UPI
ORD01348,2024-01-28,CUST0220,East,Office Supplies,Printer Paper,6,736.38,0.24,3357.89,2538.35,819.54,Net Banking
ORD01349,2024-10-23,CUST0338,East,Accessories,USB Hub,3,564.62,0.02,1659.98,1161.51,498.47,Net Banking
ORD01350,2025-03-15,CUST0040,East,Electronics,Keyboard,2,436.26,0.24,663.12,310.83,352.29,Net Banking
ORD01351,2025-07-19,CUST0309,North,Accessories,Webcam,8,350.77,0.18,2301.05,1189.14,1111.91,Debit Card
ORD01352,2024-07-11,CUST0416,North,Accessories,Webcam,1,1184.09,0.24,899.91,423.74,476.17,UPI
ORD01353,2024-10-12,CUST0386,East,Office Supplies,Pen Set,5,449.34,0.15,1909.69,1095.84,813.85,UPI
ORD01354,2025-10-31,CUST0286,South,Furniture,Cabinet,9,390.08,0.1,3159.65,1809.42,1350.23,Debit Card
ORD01355,2024-12-09,CUST0078,South,Furniture,Desk,9,1063.1,0.23,7367.28,4435.93,2931.35,Net Banking
ORD01356,2024-06-16,CUST0409,West,Accessories,Webcam,2,806.41,0.05,1532.18,842.14,690.04,Credit Card
ORD01357,2025-04-22,CUST0414,East,Accessories,USB Hub,5,1183.55,0.09,5385.15,2612.49,2772.66,UPI
ORD01358,2025-06-23,CUST0462,West,Office Supplies,Stapler,8,586.96,0.08,4320.03,2621.51,1698.52,Debit Card
ORD01359,2024-09-27,CUST0108,East,Accessories,Laptop Stand,5,560.24,0.23,2156.92,1350.51,806.41,UPI
ORD01360,2025-01-30,CUST0258,North,Office Supplies,Stapler,3,284.03,0.13,741.32,544.8,196.52,UPI
ORD01361,2025-09-29,CUST0341,Central,Furniture,Cabinet,6,1295.88,0.22,6064.72,3141.24,2923.48,Credit Card
ORD01362,2025-08-06,CUST0492,West,Furniture,Cabinet,7,1331.84,0.14,8017.68,5421.88,2595.8,Debit Card
ORD01363,2024-08-11,CUST0225,West,Electronics,Monitor,3,767.89,0.16,1935.08,1211.21,723.87,Credit Card
ORD01364,2024-01-23,CUST0124,East,Furniture,Cabinet,3,309.59,0.24,705.87,355.47,350.4,Debit Card
ORD01365,2024-08-31,CUST0324,West,Accessories,Laptop Stand,9,1194.7,0.2,8601.84,4585.31,4016.53,Net Banking
ORD01366,2025-01-24,CUST0419,East,Furniture,Desk,2,586.53,0.04,1126.14,760.1,366.04,Net Banking
ORD01367,2024-02-12,CUST0359,South,Office Supplies,Printer Paper,5,1175.8,0.21,4644.41,2616.03,2028.38,Net Banking
ORD01368,2025-10-30,CUST0162,East,Furniture,Desk,4,246.07,0.02,964.59,650.73,313.86,UPI
ORD01369,2024-04-05,CUST0262,South,Electronics,Monitor,4,529.75,0.17,1758.77,1259.01,499.76,Net Banking
ORD01370,2025-06-20,CUST0342,South,Furniture,Cabinet,7,603.5,0.17,3506.34,2161.99,1344.35,Net Banking
ORD01371,2025-05-08,CUST0333,Central,Office Supplies,Stapler,3,1255.75,0.23,2900.78,2132.21,768.57,Debit Card
ORD01372,2024-06-15,CUST0168,East,Office Supplies,Notebook,9,648.45,0.12,5135.72,2347.91,2787.81,UPI
ORD01373,2025-07-15,CUST0175,North,Accessories,Laptop Stand,8,553.59,0.2,3542.98,2244.17,1298.81,UPI
ORD01374,2025-03-07,CUST0500,North,Furniture,Chair,3,703.42,0.23,1624.9,917.03,707.87,UPI
ORD01375,2024-07-04,CUST0392,South,Office Supplies,Notebook,3,393.45,0.1,1062.32,508.66,553.66,Net Banking
ORD01376,2024-12-22,CUST0003,East,Electronics,Monitor,2,384.79,0.0,769.58,409.74,359.84,UPI
ORD01377,2024-04-22,CUST0324,East,Accessories,Webcam,2,893.37,0.07,1661.67,768.14,893.53,Debit Card
ORD01378,2025-07-20,CUST0373,North,Electronics,Laptop,9,490.65,0.2,3532.68,2123.52,1409.16,Debit Card
ORD01379,2024-01-09,CUST0236,West,Furniture,Desk,9,1174.78,0.08,9727.18,5474.5,4252.68,Credit Card
ORD01380,2024-03-25,CUST0320,South,Furniture,Chair,8,906.7,0.25,5440.2,2618.72,2821.48,UPI
ORD01381,2024-12-25,CUST0143,South,Furniture,Bookshelf,5,1303.98,0.01,6454.7,4201.25,2253.45,Net Banking
ORD01382,2025-03-16,CUST0375,Central,Accessories,Mouse,6,653.2,0.08,3605.66,1736.53,1869.13,Net Banking
ORD01383,2024-09-11,CUST0447,Central,Office Supplies,Printer Paper,4,272.87,0.08,1004.16,564.58,439.58,UPI
ORD01384,2025-08-21,CUST0219,East,Accessories,Mouse,6,332.67,0.1,1796.42,1150.17,646.25,UPI
ORD01385,2025-11-20,CUST0148,East,Electronics,Headphones,7,175.14,0.21,968.52,540.84,427.68,UPI
ORD01386,2025-12-03,CUST0079,Central,Accessories,Webcam,6,791.3,0.25,3560.85,2256.46,1304.39,Net Banking
ORD01387,2025-04-28,CUST0277,East,Electronics,Monitor,2,528.26,0.11,940.3,486.32,453.98,Net Banking
ORD01388,2024-02-21,CUST0045,Central,Accessories,Laptop Stand,6,1239.11,0.1,6691.19,5331.41,1359.78,Debit Card
ORD01389,2025-04-22,CUST0262,West,Office Supplies,Pen Set,1,495.11,0.06,465.4,352.42,112.98,UPI
ORD01390,2025-12-26,CUST0220,West,Electronics,Laptop,3,966.63,0.12,2551.9,1164.32,1387.58,Net Banking
ORD01391,2025-12-05,CUST0333,South,Furniture,Chair,4,854.43,0.05,3246.83,2539.33,707.5,UPI
ORD01392,2024-09-26,CUST0432,Central,Furniture,Cabinet,2,637.67,0.24,969.26,444.37,524.89,UPI
ORD01393,2024-07-03,CUST0216,West,Accessories,USB Hub,3,227.3,0.09,620.53,363.84,256.69,Net Banking
ORD01394,2024-09-20,CUST0472,West,Furniture,Cabinet,2,275.73,0.09,501.83,276.89,224.94,UPI
ORD01395,2025-12-22,CUST0312,Central,Electronics,Keyboard,1,1260.48,0.13,1096.62,573.44,523.18,Net Banking
ORD01396,2025-10-28,CUST0287,North,Furniture,Desk,2,558.76,0.24,849.32,514.16,335.16,Net Banking
ORD01397,2024-01-28,CUST0342,South,Office Supplies,Stapler,1,640.92,0.12,564.01,304.4,259.61,Debit Card
ORD01398,2024-06-15,CUST0123,South,Office Supplies,Notebook,3,699.03,0.25,1572.82,923.8,649.02,UPI
ORD01399,2025-12-19,CUST0234,South,Accessories,Mouse,7,755.15,0.15,4493.14,2306.27,2186.87,Credit Card
ORD01400,2025-08-05,CUST0176,South,Electronics,Monitor,1,1325.43,0.11,1179.63,773.99,405.64,Net Banking
ORD01401,2024-03-21,CUST0084,East,Office Supplies,Printer Paper,9,631.94,0.12,5004.96,2701.39,2303.57,Net Banking
ORD01402,2025-03-29,CUST0281,North,Office Supplies,Stapler,3,1063.82,0.14,2744.66,2148.38,596.28,UPI
ORD01403,2025-09-01,CUST0062,North,Electronics,Laptop,7,231.73,0.23,1249.02,607.53,641.49,Credit Card
ORD01404,2025-12-06,CUST0347,Central,Furniture,Chair,8,380.09,0.18,2493.39,1181.67,1311.72,Credit Card
ORD01405,2024-06-26,CUST0387,North,Furniture,Cabinet,7,1096.55,0.09,6985.02,3593.99,3391.03,Credit Card
ORD01406,2025-05-02,CUST0498,East,Accessories,USB Hub,5,1252.51,0.08,5761.55,4060.41,1701.14,Credit Card
ORD01407,2024-07-24,CUST0281,West,Furniture,Chair,2,1147.87,0.24,1744.76,808.08,936.68,Net Banking
ORD01408,2024-03-14,CUST0010,East,Electronics,Keyboard,2,1024.59,0.06,1926.23,1209.96,716.27,Net Banking
ORD01409,2024-05-23,CUST0389,South,Office Supplies,Printer Paper,8,796.19,0.25,4777.14,3074.04,1703.1,Net Banking
ORD01410,2025-10-12,CUST0052,East,Furniture,Bookshelf,2,559.02,0.05,1062.14,766.5,295.64,Credit Card
ORD01411,2024-04-13,CUST0339,West,Accessories,Mouse,4,85.83,0.19,278.09,132.84,145.25,Net Banking
ORD01412,2024-07-20,CUST0458,West,Furniture,Bookshelf,9,782.94,0.07,6553.21,4606.43,1946.78,Credit Card
ORD01413,2025-06-14,CUST0053,Central,Electronics,Headphones,1,1133.66,0.01,1122.32,616.33,505.99,Credit Card
ORD01414,2025-11-19,CUST0147,West,Accessories,Webcam,8,1403.11,0.24,8530.91,6047.67,2483.24,UPI
ORD01415,2024-08-27,CUST0374,Central,Furniture,Desk,1,194.05,0.24,147.48,77.97,69.51,Credit Card
ORD01416,2024-09-28,CUST0020,Central,Accessories,USB Hub,3,336.62,0.0,1009.86,560.81,449.05,Net Banking
ORD01417,2025-02-12,CUST0470,South,Electronics,Monitor,2,763.56,0.23,1175.88,820.02,355.86,Debit Card
ORD01418,2024-11-24,CUST0061,Central,Office Supplies,Printer Paper,9,33.05,0.18,243.91,139.16,104.75,Net Banking
ORD01419,2025-09-06,CUST0316,Central,Electronics,Keyboard,1,276.59,0.09,251.7,149.25,102.45,Credit Card
ORD01420,2025-11-09,CUST0247,South,Electronics,Monitor,5,1259.12,0.02,6169.69,4811.25,1358.44,UPI
ORD01421,2025-10-06,CUST0395,South,Electronics,Headphones,3,571.15,0.19,1387.89,914.03,473.86,Credit Card
ORD01422,2025-04-27,CUST0223,Central,Electronics,Keyboard,3,1253.15,0.18,3082.75,2010.17,1072.58,Credit Card
ORD01423,2025-06-15,CUST0122,North,Office Supplies,Pen Set,4,1006.38,0.03,3904.75,2314.72,1590.03,Net Banking
ORD01424,2025-07-03,CUST0117,East,Office Supplies,Printer Paper,6,770.66,0.09,4207.8,2164.86,2042.94,Debit Card
ORD01425,2025-06-11,CUST0398,North,Accessories,USB Hub,5,108.61,0.24,412.72,265.02,147.7,UPI
ORD01426,2024-05-08,CUST0352,South,Furniture,Bookshelf,6,983.3,0.12,5191.82,3889.26,1302.56,Credit Card
ORD01427,2025-01-20,CUST0303,South,Office Supplies,Stapler,5,210.64,0.21,832.03,545.47,286.56,Credit Card
ORD01428,2024-04-22,CUST0374,West,Office Supplies,Notebook,5,174.62,0.11,777.06,427.76,349.3,UPI
ORD01429,2024-01-17,CUST0202,West,Furniture,Bookshelf,6,1425.32,0.08,7867.77,3838.3,4029.47,UPI
ORD01430,2024-03-20,CUST0306,South,Office Supplies,Notebook,2,77.25,0.19,125.15,79.32,45.83,Debit Card
ORD01431,2024-03-23,CUST0109,West,Electronics,Headphones,1,1485.59,0.19,1203.33,852.99,350.34,UPI
ORD01432,2024-10-20,CUST0464,West,Electronics,Monitor,4,140.51,0.11,500.22,322.41,177.81,Net Banking
ORD01433,2025-03-21,CUST0189,Central,Furniture,Bookshelf,3,102.12,0.07,284.91,209.9,75.01,Debit Card
ORD01434,2024-11-25,CUST0338,East,Accessories,Webcam,3,553.97,0.15,1412.62,711.27,701.35,UPI
ORD01435,2025-09-19,CUST0260,West,Accessories,Mouse,3,781.29,0.15,1992.29,1447.31,544.98,Credit Card
ORD01436,2024-11-26,CUST0013,West,Furniture,Desk,7,633.49,0.21,3503.2,1858.45,1644.75,Net Banking
ORD01437,2024-02-19,CUST0428,South,Furniture,Desk,2,937.55,0.13,1631.34,768.49,862.85,Debit Card
ORD01438,2025-01-04,CUST0035,South,Electronics,Monitor,2,34.91,0.12,61.44,36.56,24.88,Credit Card
ORD01439,2025-06-03,CUST0424,East,Accessories,Webcam,3,1311.96,0.22,3069.99,1780.69,1289.3,Net Banking
ORD01440,2025-07-01,CUST0416,Central,Office Supplies,Pen Set,7,103.0,0.15,612.85,459.89,152.96,Debit Card
ORD01441,2025-12-07,CUST0011,South,Electronics,Laptop,9,480.34,0.08,3977.22,2262.33,1714.89,UPI
ORD01442,2025-10-02,CUST0443,Central,Furniture,Bookshelf,9,296.99,0.01,2646.18,2066.77,579.41,Debit Card
ORD01443,2024-10-02,CUST0450,East,Accessories,Webcam,2,1282.38,0.08,2359.58,1494.29,865.29,Debit Card
ORD01444,2025-06-17,CUST0427,East,Office Supplies,Printer Paper,2,873.83,0.16,1468.03,760.61,707.42,Credit Card
ORD01445,2024-11-03,CUST0420,West,Office Supplies,Pen Set,4,1115.42,0.11,3970.9,3089.89,881.01,Debit Card
ORD01446,2025-07-26,CUST0250,West,Electronics,Monitor,4,1045.07,0.15,3553.24,2691.74,861.5,UPI
ORD01447,2024-01-08,CUST0265,West,Accessories,USB Hub,9,395.52,0.2,2847.74,1351.49,1496.25,Credit Card
ORD01448,2024-03-23,CUST0295,East,Accessories,Mouse,7,551.98,0.23,2975.17,2066.34,908.83,UPI
ORD01449,2024-11-30,CUST0010,East,Furniture,Desk,1,895.04,0.08,823.44,385.64,437.8,UPI
ORD01450,2024-06-26,CUST0377,South,Accessories,USB Hub,3,1490.58,0.02,4382.31,2341.19,2041.12,Credit Card
ORD01451,2024-05-30,CUST0050,West,Accessories,USB Hub,4,306.34,0.22,955.78,440.49,515.29,Net Banking
ORD01452,2024-02-26,CUST0097,East,Electronics,Laptop,3,701.28,0.14,1809.3,908.78,900.52,Net Banking
ORD01453,2024-11-28,CUST0220,West,Accessories,USB Hub,1,23.63,0.1,21.27,14.99,6.28,Net Banking
ORD01454,2024-04-29,CUST0105,South,Office Supplies,Pen Set,6,870.15,0.17,4333.35,3351.89,981.46,UPI
ORD01455,2024-09-20,CUST0353,South,Electronics,Laptop,9,79.61,0.1,644.84,381.88,262.96,Credit Card
ORD01456,2025-01-16,CUST0164,North,Electronics,Laptop,1,1301.45,0.03,1262.41,831.19,431.22,UPI
ORD01457,2024-12-13,CUST0230,Central,Furniture,Cabinet,5,570.97,0.03,2769.2,1489.99,1279.21,Debit Card
ORD01458,2025-05-17,CUST0358,South,Accessories,USB Hub,5,983.76,0.06,4623.67,2213.13,2410.54,UPI
ORD01459,2025-06-10,CUST0404,South,Furniture,Desk,5,1369.16,0.09,6229.68,2902.67,3327.01,Net Banking
ORD01460,2025-02-22,CUST0397,North,Office Supplies,Stapler,9,1120.08,0.05,9576.68,4514.54,5062.14,Credit Card
ORD01461,2024-01-23,CUST0104,North,Electronics,Keyboard,6,600.2,0.23,2772.92,1791.31,981.61,Credit Card
ORD01462,2024-11-02,CUST0472,West,Electronics,Keyboard,9,1107.01,0.12,8767.52,4594.09,4173.43,Debit Card
ORD01463,2025-02-11,CUST0006,North,Electronics,Headphones,5,1102.39,0.25,4133.96,2254.63,1879.33,UPI
ORD01464,2025-01-04,CUST0353,East,Office Supplies,Printer Paper,3,174.03,0.2,417.67,265.77,151.9,Debit Card
ORD01465,2025-10-25,CUST0428,North,Office Supplies,Notebook,4,1430.55,0.11,5092.76,2599.11,2493.65,Net Banking
ORD01466,2025-06-16,CUST0060,East,Furniture,Cabinet,5,189.95,0.24,721.81,417.85,303.96,Credit Card
ORD01467,2025-01-24,CUST0065,South,Furniture,Bookshelf,5,1256.59,0.1,5654.65,3431.13,2223.52,Net Banking
ORD01468,2025-02-08,CUST0258,South,Furniture,Bookshelf,3,1424.48,0.24,3247.81,1896.12,1351.69,UPI
ORD01469,2025-09-16,CUST0030,Central,Accessories,Webcam,8,559.52,0.2,3580.93,1763.76,1817.17,UPI
ORD01470,2025-01-25,CUST0105,Central,Electronics,Headphones,1,714.54,0.09,650.23,488.87,161.36,Net Banking
ORD01471,2024-10-27,CUST0196,North,Electronics,Headphones,2,374.6,0.16,629.33,322.51,306.82,Net Banking
ORD01472,2024-06-16,CUST0102,North,Furniture,Cabinet,7,500.63,0.21,2768.48,1983.98,784.5,Credit Card
ORD01473,2024-08-21,CUST0298,West,Electronics,Keyboard,1,1082.65,0.24,822.81,569.97,252.84,Credit Card
ORD01474,2025-02-18,CUST0457,West,Furniture,Bookshelf,6,425.08,0.04,2448.46,1380.67,1067.79,Credit Card
ORD01475,2025-10-31,CUST0058,North,Accessories,USB Hub,6,586.23,0.08,3235.99,1725.32,1510.67,Debit Card
ORD01476,2024-07-21,CUST0261,South,Accessories,Webcam,4,940.01,0.03,3647.24,1979.77,1667.47,Net Banking
ORD01477,2024-03-26,CUST0338,Central,Office Supplies,Stapler,2,356.18,0.1,641.12,424.59,216.53,UPI
ORD01478,2025-01-30,CUST0276,South,Accessories,Webcam,8,357.93,0.01,2834.81,1656.44,1178.37,Debit Card
ORD01479,2024-06-24,CUST0149,South,Furniture,Bookshelf,5,1255.6,0.07,5838.54,2743.62,3094.92,Net Banking
ORD01480,2024-06-04,CUST0200,South,Accessories,Webcam,3,117.13,0.1,316.25,226.97,89.28,Credit Card
ORD01481,2025-08-25,CUST0177,North,Office Supplies,Pen Set,3,35.34,0.16,89.06,52.35,36.71,UPI
ORD01482,2024-08-01,CUST0082,East,Electronics,Laptop,3,66.02,0.12,174.29,106.66,67.63,Debit Card
ORD01483,2025-12-17,CUST0253,East,Furniture,Bookshelf,5,890.7,0.09,4052.68,2771.74,1280.94,Credit Card
ORD01484,2025-12-21,CUST0248,Central,Electronics,Laptop,6,901.61,0.24,4111.34,3264.73,846.61,Credit Card
ORD01485,2024-10-01,CUST0492,East,Office Supplies,Notebook,9,611.75,0.01,5450.69,4019.2,1431.49,UPI
ORD01486,2025-03-13,CUST0432,Central,Office Supplies,Printer Paper,4,1344.47,0.17,4463.64,2328.07,2135.57,Debit Card
ORD01487,2025-01-09,CUST0291,West,Office Supplies,Pen Set,7,188.37,0.03,1279.03,709.88,569.15,UPI
ORD01488,2024-10-20,CUST0189,South,Electronics,Keyboard,2,408.48,0.06,767.94,605.16,162.78,Debit Card
ORD01489,2025-10-23,CUST0053,Central,Electronics,Keyboard,4,526.61,0.11,1874.73,1307.61,567.12,Debit Card
ORD01490,2024-05-16,CUST0369,North,Electronics,Headphones,5,1101.45,0.01,5452.18,2474.85,2977.33,Debit Card
ORD01491,2025-05-12,CUST0243,West,Electronics,Laptop,2,660.62,0.05,1255.18,805.79,449.39,Credit Card
ORD01492,2025-02-19,CUST0008,Central,Office Supplies,Printer Paper,1,230.58,0.18,189.08,89.58,99.5,Net Banking
ORD01493,2024-02-22,CUST0347,North,Office Supplies,Pen Set,8,1260.68,0.18,8270.06,5644.46,2625.6,Net Banking
ORD01494,2024-08-20,CUST0098,South,Furniture,Chair,1,877.03,0.06,824.41,384.46,439.95,UPI
ORD01495,2024-04-21,CUST0413,West,Furniture,Bookshelf,3,1153.86,0.02,3392.35,2507.76,884.59,Credit Card
ORD01496,2024-01-18,CUST0351,East,Electronics,Laptop,1,764.28,0.12,672.57,339.76,332.81,UPI
ORD01497,2025-11-21,CUST0129,East,Accessories,Laptop Stand,8,774.83,0.18,5082.88,3711.9,1370.98,UPI
ORD01498,2025-12-04,CUST0079,East,Accessories,Laptop Stand,9,282.42,0.22,1982.59,1164.7,817.89,UPI
ORD01499,2024-11-09,CUST0247,South,Office Supplies,Pen Set,7,183.6,0.23,989.6,705.49,284.11,Debit Card
ORD01500,2025-04-06,CUST0432,North,Office Supplies,Pen Set,6,1133.66,0.23,5237.51,2517.18,2720.33,Credit Card
ORD01501,2024-06-02,CUST0220,West,Office Supplies,Notebook,8,1400.78,0.06,10533.87,7683.17,2850.7,Net Banking
ORD01502,2024-09-29,CUST0394,South,Furniture,Desk,3,711.11,0.06,2005.33,1042.32,963.01,Debit Card
ORD01503,2025-11-01,CUST0287,South,Furniture,Bookshelf,5,537.66,0.08,2473.24,1630.73,842.51,UPI
ORD01504,2024-05-27,CUST0381,Central,Office Supplies,Notebook,6,958.51,0.03,5578.53,3941.56,1636.97,Net Banking
ORD01505,2024-05-22,CUST0037,South,Office Supplies,Notebook,7,689.8,0.22,3766.31,2250.06,1516.25,Credit Card
ORD01506,2024-08-17,CUST0024,North,Office Supplies,Stapler,9,768.86,0.1,6227.77,3063.26,3164.51,Credit Card
ORD01507,2024-12-06,CUST0259,Central,Accessories,Mouse,8,1030.96,0.15,7010.53,4613.58,2396.95,Debit Card
ORD01508,2025-12-01,CUST0452,East,Furniture,Desk,4,1048.29,0.02,4109.3,2704.3,1405.0,Net Banking
ORD01509,2024-08-24,CUST0466,North,Accessories,Mouse,5,684.49,0.08,3148.65,2307.52,841.13,Credit Card
ORD01510,2024-02-06,CUST0064,East,Accessories,Mouse,6,1332.62,0.11,7116.19,4029.88,3086.31,Debit Card
ORD01511,2024-05-31,CUST0387,Central,Office Supplies,Stapler,5,351.37,0.11,1563.6,968.61,594.99,UPI
ORD01512,2024-02-01,CUST0087,North,Office Supplies,Notebook,8,46.2,0.22,288.29,147.32,140.97,Credit Card
ORD01513,2024-03-17,CUST0223,North,Electronics,Headphones,8,979.21,0.09,7128.65,3783.12,3345.53,Net Banking
ORD01514,2024-04-26,CUST0471,Central,Electronics,Keyboard,9,600.83,0.07,5028.95,3902.43,1126.52,UPI
ORD01515,2024-09-09,CUST0169,West,Accessories,Webcam,6,1289.23,0.01,7658.03,4023.67,3634.36,Credit Card
ORD01516,2024-01-13,CUST0465,West,Furniture,Chair,4,622.57,0.25,1867.71,1352.68,515.03,Net Banking
ORD01517,2024-11-03,CUST0475,South,Office Supplies,Stapler,5,873.61,0.04,4193.33,2478.07,1715.26,Debit Card
ORD01518,2024-06-26,CUST0021,East,Office Supplies,Notebook,4,734.16,0.24,2231.85,1233.74,998.11,Debit Card
ORD01519,2025-05-11,CUST0363,West,Accessories,Mouse,3,609.93,0.07,1701.7,1360.96,340.74,Net Banking
ORD01520,2025-07-19,CUST0161,South,Electronics,Keyboard,4,1321.93,0.09,4811.83,2349.34,2462.49,Credit Card
ORD01521,2024-04-19,CUST0380,East,Furniture,Bookshelf,7,939.38,0.0,6575.66,5102.03,1473.63,UPI
ORD01522,2025-04-15,CUST0301,South,Electronics,Keyboard,4,1203.99,0.23,3708.29,2192.08,1516.21,Debit Card
ORD01523,2025-06-10,CUST0432,North,Electronics,Laptop,2,1139.59,0.03,2210.8,1643.55,567.25,Credit Card
ORD01524,2025-11-21,CUST0246,South,Electronics,Headphones,4,196.71,0.2,629.47,360.39,269.08,Net Banking
ORD01525,2024-10-07,CUST0292,South,Electronics,Headphones,2,829.24,0.19,1343.37,763.94,579.43,Debit Card
ORD01526,2024-07-14,CUST0262,South,Office Supplies,Stapler,1,466.36,0.15,396.41,184.35,212.06,Credit Card
ORD01527,2025-09-15,CUST0055,North,Office Supplies,Stapler,8,1073.84,0.21,6786.67,4155.76,2630.91,UPI
ORD01528,2024-05-28,CUST0185,North,Electronics,Laptop,2,519.73,0.12,914.72,513.08,401.64,UPI
ORD01529,2025-05-06,CUST0439,Central,Furniture,Desk,6,88.81,0.03,516.87,294.77,222.1,Debit Card
ORD01530,2025-02-16,CUST0434,West,Accessories,Webcam,7,1091.83,0.09,6954.96,3219.26,3735.7,Debit Card
ORD01531,2024-12-16,CUST0069,East,Furniture,Chair,3,181.28,0.06,511.21,390.1,121.11,Debit Card
ORD01532,2025-02-27,CUST0157,Central,Furniture,Bookshelf,4,515.96,0.22,1609.8,1020.52,589.28,Credit Card
ORD01533,2025-08-09,CUST0402,South,Furniture,Chair,8,729.72,0.2,4670.21,3342.09,1328.12,Credit Card
ORD01534,2024-04-16,CUST0379,South,Electronics,Monitor,6,991.22,0.1,5352.59,3975.72,1376.87,UPI
ORD01535,2024-09-15,CUST0286,Central,Office Supplies,Notebook,4,1187.26,0.09,4321.63,2197.48,2124.15,UPI
ORD01536,2025-02-26,CUST0320,South,Furniture,Chair,5,1202.47,0.09,5471.24,2878.48,2592.76,Net Banking
ORD01537,2024-04-04,CUST0442,Central,Electronics,Keyboard,7,836.63,0.07,5446.46,2575.18,2871.28,Debit Card
ORD01538,2024-01-18,CUST0136,South,Furniture,Bookshelf,2,738.64,0.09,1344.32,801.79,542.53,Net Banking
ORD01539,2025-04-04,CUST0294,West,Furniture,Bookshelf,8,1329.33,0.08,9783.87,5707.79,4076.08,Credit Card
ORD01540,2024-07-09,CUST0235,South,Electronics,Monitor,1,201.61,0.21,159.27,99.8,59.47,UPI
ORD01541,2024-11-08,CUST0330,East,Office Supplies,Stapler,7,799.07,0.17,4642.6,2554.2,2088.4,Debit Card
ORD01542,2025-08-15,CUST0266,East,Office Supplies,Notebook,2,1147.92,0.11,2043.3,958.37,1084.93,Credit Card
ORD01543,2025-01-14,CUST0282,East,Accessories,Mouse,5,1339.87,0.23,5158.5,2710.9,2447.6,Net Banking
ORD01544,2025-12-31,CUST0257,North,Electronics,Headphones,1,1038.41,0.01,1028.03,583.76,444.27,Credit Card
ORD01545,2024-09-15,CUST0354,North,Accessories,Laptop Stand,2,635.76,0.04,1220.66,598.79,621.87,Credit Card
ORD01546,2024-12-23,CUST0378,West,Accessories,Webcam,2,370.46,0.13,644.6,351.25,293.35,Credit Card
ORD01547,2024-11-27,CUST0152,South,Accessories,Mouse,7,681.44,0.18,3911.47,1997.3,1914.17,Net Banking
ORD01548,2025-05-05,CUST0283,Central,Office Supplies,Notebook,7,515.59,0.12,3176.03,2459.87,716.16,Net Banking
ORD01549,2025-09-01,CUST0397,West,Electronics,Keyboard,1,1477.01,0.14,1270.23,865.52,404.71,Net Banking
ORD01550,2025-10-18,CUST0156,South,Accessories,Webcam,8,575.36,0.15,3912.45,2933.14,979.31,Net Banking
ORD01551,2024-04-26,CUST0093,Central,Electronics,Keyboard,9,417.72,0.16,3157.96,1569.92,1588.04,Net Banking
ORD01552,2025-11-23,CUST0283,East,Electronics,Headphones,3,108.69,0.0,326.07,257.88,68.19,Debit Card
ORD01553,2025-12-25,CUST0469,South,Office Supplies,Notebook,6,212.36,0.12,1121.26,664.43,456.83,Credit Card
ORD01554,2025-12-23,CUST0305,North,Accessories,USB Hub,4,426.19,0.22,1329.71,986.23,343.48,Debit Card
ORD01555,2024-02-19,CUST0487,North,Accessories,USB Hub,4,1224.8,0.04,4703.23,2125.66,2577.57,Net Banking
ORD01556,2025-10-19,CUST0310,South,Electronics,Headphones,4,1136.62,0.15,3864.51,3004.87,859.64,Credit Card
ORD01557,2025-10-26,CUST0080,East,Furniture,Cabinet,7,185.46,0.14,1116.47,599.59,516.88,Credit Card
ORD01558,2025-06-29,CUST0304,East,Office Supplies,Printer Paper,1,781.19,0.2,624.95,492.2,132.75,Net Banking
ORD01559,2024-01-23,CUST0318,Central,Office Supplies,Stapler,5,82.87,0.04,397.78,232.48,165.3,Credit Card
ORD01560,2024-04-17,CUST0289,West,Office Supplies,Notebook,4,1062.52,0.18,3485.07,1683.78,1801.29,Net Banking
ORD01561,2024-03-11,CUST0315,East,Office Supplies,Pen Set,9,1230.95,0.0,11078.55,8831.81,2246.74,Credit Card
ORD01562,2024-12-15,CUST0424,Central,Accessories,Laptop Stand,2,216.22,0.1,389.2,199.27,189.93,Net Banking
ORD01563,2024-03-10,CUST0379,West,Accessories,Webcam,3,257.37,0.18,633.13,440.53,192.6,Net Banking
ORD01564,2025-11-01,CUST0500,West,Furniture,Cabinet,8,1228.35,0.06,9237.19,5265.24,3971.95,Credit Card
ORD01565,2025-08-19,CUST0269,Central,Office Supplies,Pen Set,4,991.95,0.11,3531.34,2565.41,965.93,UPI
ORD01566,2024-02-27,CUST0030,South,Office Supplies,Printer Paper,8,1405.21,0.04,10792.01,5015.62,5776.39,Debit Card
ORD01567,2025-06-02,CUST0197,North,Electronics,Monitor,2,1380.91,0.13,2402.78,1165.4,1237.38,Debit Card
ORD01568,2024-11-30,CUST0335,North,Accessories,Webcam,9,164.6,0.15,1259.19,758.21,500.98,Net Banking
ORD01569,2025-09-24,CUST0319,Central,Office Supplies,Stapler,8,946.57,0.01,7496.83,5918.46,1578.37,Debit Card
ORD01570,2024-03-10,CUST0318,North,Furniture,Cabinet,2,197.6,0.13,343.82,197.65,146.17,Credit Card
ORD01571,2024-05-31,CUST0347,West,Furniture,Desk,9,1067.03,0.12,8450.88,5532.06,2918.82,Net Banking
ORD01572,2025-07-23,CUST0488,West,Accessories,USB Hub,2,1058.21,0.18,1735.46,1056.97,678.49,Credit Card
ORD01573,2024-07-04,CUST0169,West,Furniture,Bookshelf,1,1331.94,0.07,1238.7,617.44,621.26,Net Banking
ORD01574,2024-10-15,CUST0340,West,Furniture,Desk,4,20.23,0.18,66.35,32.44,33.91,Credit Card
ORD01575,2024-06-01,CUST0311,North,Accessories,Webcam,2,907.56,0.09,1651.76,1000.01,651.75,Credit Card
ORD01576,2025-04-03,CUST0024,East,Office Supplies,Notebook,3,731.32,0.14,1886.81,1389.18,497.63,Debit Card
ORD01577,2025-01-10,CUST0158,West,Office Supplies,Notebook,7,1436.83,0.25,7543.36,5323.16,2220.2,Credit Card
ORD01578,2024-08-16,CUST0048,West,Furniture,Desk,5,1381.01,0.23,5316.89,4233.38,1083.51,UPI
ORD01579,2025-01-31,CUST0426,North,Furniture,Chair,6,361.79,0.02,2127.33,1686.54,440.79,Debit Card
ORD01580,2025-11-02,CUST0408,Central,Office Supplies,Pen Set,8,898.55,0.13,6253.91,4441.42,1812.49,Debit Card
ORD01581,2024-12-31,CUST0282,West,Accessories,USB Hub,5,1192.49,0.1,5366.2,2590.27,2775.93,Net Banking
ORD01582,2024-12-26,CUST0424,East,Furniture,Bookshelf,1,406.71,0.19,329.44,190.92,138.52,Credit Card
ORD01583,2025-10-17,CUST0110,East,Electronics,Monitor,8,1088.34,0.25,6530.04,3239.22,3290.82,Credit Card
ORD01584,2024-12-17,CUST0287,South,Accessories,Webcam,3,1272.6,0.17,3168.77,2484.02,684.75,Net Banking
ORD01585,2024-07-10,CUST0213,West,Furniture,Bookshelf,5,1273.79,0.08,5859.43,3039.14,2820.29,UPI
ORD01586,2025-03-25,CUST0095,North,Furniture,Cabinet,8,401.46,0.19,2601.46,1257.14,1344.32,Net Banking
ORD01587,2025-10-30,CUST0085,North,Electronics,Keyboard,1,1293.69,0.11,1151.38,887.67,263.71,Net Banking
ORD01588,2024-12-06,CUST0061,West,Electronics,Laptop,7,25.54,0.13,155.54,75.83,79.71,UPI
ORD01589,2025-10-06,CUST0395,Central,Office Supplies,Printer Paper,3,279.33,0.19,678.77,530.38,148.39,UPI
ORD01590,2024-11-15,CUST0231,South,Accessories,Laptop Stand,2,75.92,0.24,115.4,52.12,63.28,Debit Card
ORD01591,2025-12-05,CUST0399,South,Accessories,Webcam,9,820.64,0.22,5760.89,3963.46,1797.43,UPI
ORD01592,2025-08-29,CUST0499,Central,Office Supplies,Pen Set,9,208.48,0.23,1444.77,916.05,528.72,UPI
ORD01593,2024-01-01,CUST0235,North,Accessories,Mouse,6,1235.29,0.06,6967.04,5266.83,1700.21,Net Banking
ORD01594,2025-09-30,CUST0373,Central,Accessories,USB Hub,2,124.81,0.1,224.66,146.46,78.2,Net Banking
ORD01595,2025-04-03,CUST0342,East,Accessories,USB Hub,6,109.46,0.19,531.98,344.62,187.36,Debit Card
ORD01596,2024-06-03,CUST0486,East,Accessories,USB Hub,1,521.25,0.19,422.21,270.37,151.84,Net Banking
ORD01597,2025-06-27,CUST0373,East,Accessories,Laptop Stand,3,1133.61,0.05,3230.79,1676.38,1554.41,UPI
ORD01598,2024-09-05,CUST0074,Central,Electronics,Monitor,3,923.41,0.18,2271.59,1812.01,459.58,UPI
ORD01599,2025-04-01,CUST0302,East,Accessories,USB Hub,8,508.13,0.16,3414.63,2441.28,973.35,Net Banking
ORD01600,2025-03-28,CUST0419,South,Electronics,Laptop,4,203.34,0.14,699.49,547.91,151.58,UPI
ORD01601,2024-07-28,CUST0376,North,Accessories,Mouse,3,1397.23,0.11,3730.6,2111.47,1619.13,Debit Card
ORD01602,2024-09-24,CUST0116,South,Office Supplies,Printer Paper,6,240.66,0.24,1097.41,649.13,448.28,Net Banking
ORD01603,2025-01-16,CUST0434,South,Furniture,Desk,8,67.92,0.15,461.86,297.36,164.5,UPI
ORD01604,2024-02-14,CUST0265,East,Electronics,Laptop,3,123.12,0.11,328.73,176.99,151.74,Credit Card
ORD01605,2025-01-29,CUST0202,North,Accessories,Webcam,7,1115.97,0.22,6093.2,3478.28,2614.92,Net Banking
ORD01606,2025-08-13,CUST0444,South,Office Supplies,Printer Paper,5,195.64,0.01,968.42,474.05,494.37,Net Banking
ORD01607,2025-07-19,CUST0175,West,Furniture,Chair,1,667.67,0.24,507.43,397.8,109.63,UPI
ORD01608,2025-08-06,CUST0219,South,Electronics,Monitor,7,1345.46,0.06,8853.13,5054.23,3798.9,Debit Card
ORD01609,2025-09-06,CUST0344,South,Furniture,Chair,4,536.51,0.11,1909.98,1257.22,652.76,UPI
ORD01610,2024-01-22,CUST0068,North,Office Supplies,Pen Set,5,876.47,0.05,4163.23,3032.81,1130.42,Debit Card
ORD01611,2024-06-04,CUST0394,Central,Electronics,Monitor,8,1320.55,0.21,8345.88,4426.79,3919.09,Credit Card
ORD01612,2025-07-23,CUST0149,Central,Furniture,Chair,3,169.31,0.15,431.74,262.61,169.13,Credit Card
ORD01613,2024-06-08,CUST0070,North,Accessories,USB Hub,5,251.24,0.24,954.71,689.83,264.88,Net Banking
ORD01614,2025-12-19,CUST0194,South,Electronics,Laptop,7,224.28,0.17,1303.07,858.26,444.81,Debit Card
ORD01615,2024-03-01,CUST0164,Central,Furniture,Chair,6,616.49,0.24,2811.19,1507.59,1303.6,Net Banking
ORD01616,2024-02-07,CUST0359,North,Office Supplies,Pen Set,6,1134.76,0.14,5855.36,3377.39,2477.97,Debit Card
ORD01617,2025-01-17,CUST0388,Central,Office Supplies,Stapler,3,600.1,0.13,1566.26,1148.63,417.63,Debit Card
ORD01618,2024-05-08,CUST0029,North,Electronics,Monitor,3,913.69,0.11,2439.55,1800.59,638.96,UPI
ORD01619,2025-11-19,CUST0022,North,Furniture,Cabinet,9,662.0,0.15,5064.3,2692.63,2371.67,Credit Card
ORD01620,2025-10-01,CUST0045,South,Electronics,Headphones,4,685.53,0.2,2193.7,1111.25,1082.45,UPI
ORD01621,2024-03-21,CUST0247,Central,Electronics,Headphones,8,1192.9,0.03,9256.9,6636.64,2620.26,Credit Card
ORD01622,2025-05-29,CUST0307,East,Furniture,Chair,3,364.24,0.15,928.81,583.43,345.38,Net Banking
ORD01623,2024-02-07,CUST0190,North,Furniture,Desk,2,27.36,0.17,45.42,29.18,16.24,Debit Card
ORD01624,2024-11-11,CUST0497,North,Accessories,Webcam,1,738.17,0.2,590.54,366.09,224.45,Credit Card
ORD01625,2025-03-13,CUST0345,Central,Furniture,Chair,9,930.1,0.24,6361.88,3110.7,3251.18,UPI
ORD01626,2024-10-18,CUST0074,West,Office Supplies,Pen Set,4,1162.28,0.22,3626.31,2055.39,1570.92,Net Banking
ORD01627,2024-05-08,CUST0423,North,Electronics,Monitor,9,217.43,0.22,1526.36,959.7,566.66,UPI
ORD01628,2025-10-31,CUST0224,North,Electronics,Headphones,9,982.87,0.05,8403.54,4883.83,3519.71,Net Banking
ORD01629,2025-01-30,CUST0209,Central,Office Supplies,Printer Paper,6,850.44,0.13,4439.3,3277.13,1162.17,UPI
ORD01630,2024-11-16,CUST0010,South,Furniture,Chair,3,167.65,0.19,407.39,236.28,171.11,UPI
ORD01631,2024-04-04,CUST0244,East,Office Supplies,Printer Paper,1,196.49,0.23,151.3,72.2,79.1,Debit Card
ORD01632,2025-01-02,CUST0051,South,Office Supplies,Pen Set,1,1227.02,0.15,1042.97,814.29,228.68,UPI
ORD01633,2024-07-10,CUST0202,North,Accessories,USB Hub,4,975.65,0.25,2926.95,1536.25,1390.7,Debit Card
ORD01634,2024-04-05,CUST0234,South,Office Supplies,Printer Paper,3,1334.09,0.1,3602.04,2408.53,1193.51,UPI
ORD01635,2025-03-28,CUST0152,East,Electronics,Headphones,1,754.26,0.11,671.29,526.31,144.98,Net Banking
ORD01636,2024-02-10,CUST0352,West,Office Supplies,Printer Paper,6,1367.41,0.07,7630.15,4782.51,2847.64,Credit Card
ORD01637,2024-05-05,CUST0357,Central,Electronics,Laptop,8,1233.83,0.22,7699.1,5774.48,1924.62,UPI
ORD01638,2025-02-08,CUST0002,West,Electronics,Keyboard,5,1362.32,0.22,5313.05,4187.4,1125.65,Net Banking
ORD01639,2024-12-08,CUST0097,West,Electronics,Monitor,3,186.66,0.23,431.18,223.4,207.78,UPI
ORD01640,2024-03-03,CUST0248,South,Furniture,Chair,6,1435.71,0.09,7838.98,3817.2,4021.78,UPI
ORD01641,2024-09-11,CUST0059,South,Accessories,USB Hub,9,538.0,0.21,3825.18,2987.0,838.18,Net Banking
ORD01642,2024-04-06,CUST0147,North,Electronics,Laptop,5,115.07,0.05,546.58,371.48,175.1,Debit Card
ORD01643,2024-05-17,CUST0105,South,Electronics,Monitor,7,755.13,0.1,4757.32,2945.43,1811.89,Debit Card
ORD01644,2024-01-15,CUST0226,North,Furniture,Bookshelf,9,392.97,0.08,3253.79,1552.83,1700.96,Credit Card
ORD01645,2025-03-27,CUST0369,North,Electronics,Laptop,8,1432.6,0.21,9054.03,7089.42,1964.61,UPI
ORD01646,2024-02-08,CUST0162,South,Office Supplies,Printer Paper,4,1077.74,0.13,3750.54,2870.3,880.24,Credit Card
ORD01647,2025-06-23,CUST0356,West,Office Supplies,Pen Set,6,836.21,0.11,4465.36,2034.07,2431.29,Net Banking
ORD01648,2025-04-04,CUST0425,Central,Accessories,Laptop Stand,1,1030.46,0.24,783.15,534.27,248.88,Net Banking
ORD01649,2024-11-12,CUST0209,East,Electronics,Keyboard,8,251.27,0.13,1748.84,928.02,820.82,UPI
ORD01650,2025-07-07,CUST0069,East,Furniture,Desk,2,819.98,0.05,1557.96,802.98,754.98,UPI
ORD01651,2024-05-05,CUST0063,West,Office Supplies,Stapler,5,201.73,0.14,867.44,472.35,395.09,Debit Card
ORD01652,2025-10-19,CUST0125,Central,Furniture,Desk,3,21.95,0.21,52.02,36.43,15.59,Credit Card
ORD01653,2024-01-10,CUST0165,West,Furniture,Desk,5,242.66,0.12,1067.7,734.22,333.48,Credit Card
ORD01654,2025-12-29,CUST0431,West,Office Supplies,Stapler,8,1479.24,0.01,11715.58,8907.19,2808.39,Net Banking
ORD01655,2025-01-12,CUST0388,Central,Furniture,Bookshelf,8,1469.44,0.08,10815.08,5870.75,4944.33,Credit Card
ORD01656,2025-09-22,CUST0440,South,Office Supplies,Stapler,9,29.01,0.13,227.15,181.59,45.56,Net Banking
ORD01657,2025-08-30,CUST0315,West,Furniture,Chair,4,1176.95,0.0,4707.8,3464.48,1243.32,Net Banking
ORD01658,2025-08-25,CUST0133,East,Office Supplies,Printer Paper,1,713.5,0.11,635.01,349.96,285.05,Net Banking
ORD01659,2024-01-01,CUST0211,West,Electronics,Keyboard,6,1176.56,0.11,6282.83,4135.18,2147.65,Net Banking
ORD01660,2025-07-06,CUST0147,West,Accessories,Laptop Stand,7,1064.14,0.17,6182.65,3414.78,2767.87,Credit Card
ORD01661,2025-06-17,CUST0402,South,Office Supplies,Notebook,6,422.68,0.02,2485.36,1840.53,644.83,Net Banking
ORD01662,2025-03-16,CUST0253,Central,Office Supplies,Pen Set,3,333.06,0.1,899.26,424.85,474.41,Debit Card
ORD01663,2025-07-20,CUST0276,South,Accessories,USB Hub,8,326.49,0.08,2402.97,1194.24,1208.73,Credit Card
ORD01664,2025-05-01,CUST0204,Central,Office Supplies,Pen Set,9,822.3,0.19,5994.57,4460.12,1534.45,UPI
ORD01665,2025-11-08,CUST0301,East,Office Supplies,Printer Paper,6,1406.77,0.06,7934.18,4870.6,3063.58,Debit Card
ORD01666,2025-10-12,CUST0078,Central,Furniture,Cabinet,3,1484.56,0.04,4275.53,2696.66,1578.87,Net Banking
ORD01667,2024-04-20,CUST0334,East,Accessories,Webcam,5,649.46,0.15,2760.2,1294.78,1465.42,UPI
ORD01668,2024-12-15,CUST0405,North,Electronics,Laptop,4,43.93,0.15,149.36,67.87,81.49,Net Banking
ORD01669,2024-03-25,CUST0173,Central,Office Supplies,Notebook,9,512.95,0.14,3970.23,2347.55,1622.68,Net Banking
ORD01670,2024-12-15,CUST0282,Central,Accessories,USB Hub,4,152.09,0.02,596.19,357.21,238.98,Credit Card
ORD01671,2025-12-13,CUST0405,East,Furniture,Desk,5,1026.21,0.16,4310.08,3238.58,1071.5,UPI
ORD01672,2025-01-15,CUST0011,East,Electronics,Laptop,4,927.42,0.13,3227.42,2223.81,1003.61,Debit Card
ORD01673,2025-10-29,CUST0398,West,Accessories,USB Hub,2,586.1,0.1,1054.98,723.14,331.84,Debit Card
ORD01674,2025-11-27,CUST0443,North,Electronics,Monitor,6,108.1,0.15,551.31,273.21,278.1,Net Banking
ORD01675,2024-06-03,CUST0275,South,Electronics,Headphones,8,200.19,0.15,1361.29,776.9,584.39,Credit Card
ORD01676,2024-06-30,CUST0259,East,Electronics,Keyboard,5,146.49,0.1,659.21,490.9,168.31,Net Banking
ORD01677,2025-08-06,CUST0179,South,Office Supplies,Notebook,8,1032.89,0.13,7188.91,4913.22,2275.69,UPI
ORD01678,2024-02-17,CUST0080,West,Office Supplies,Notebook,2,131.48,0.01,260.33,180.52,79.81,Credit Card
ORD01679,2024-02-11,CUST0009,East,Furniture,Cabinet,3,724.32,0.12,1912.2,1120.45,791.75,Credit Card
ORD01680,2024-05-10,CUST0216,North,Furniture,Desk,1,1404.99,0.19,1138.04,572.66,565.38,Net Banking
ORD01681,2025-02-11,CUST0457,West,Accessories,Webcam,1,980.88,0.02,961.26,478.11,483.15,Net Banking
ORD01682,2024-09-02,CUST0073,North,Furniture,Chair,9,1412.14,0.05,12073.8,6742.26,5331.54,Credit Card
ORD01683,2025-01-31,CUST0084,West,Electronics,Laptop,5,1112.52,0.12,4895.09,2252.23,2642.86,UPI
ORD01684,2024-08-18,CUST0405,North,Electronics,Headphones,5,338.69,0.18,1388.63,1018.88,369.75,Credit Card
ORD01685,2024-03-17,CUST0277,South,Office Supplies,Printer Paper,2,423.78,0.04,813.66,380.97,432.69,Debit Card
ORD01686,2024-06-09,CUST0308,South,Electronics,Laptop,8,882.77,0.02,6920.92,3229.92,3691.0,UPI
ORD01687,2025-06-29,CUST0371,East,Accessories,Laptop Stand,3,1387.84,0.13,3622.26,1943.6,1678.66,Debit Card
ORD01688,2025-12-01,CUST0043,North,Electronics,Keyboard,8,663.93,0.13,4620.95,3586.43,1034.52,Credit Card
ORD01689,2024-10-20,CUST0441,Central,Electronics,Monitor,8,172.47,0.02,1352.16,653.09,699.07,Net Banking
ORD01690,2025-02-08,CUST0245,South,Accessories,Webcam,2,1134.74,0.07,2110.62,1513.65,596.97,Debit Card
ORD01691,2024-08-26,CUST0465,West,Furniture,Desk,3,1126.71,0.1,3042.12,1593.0,1449.12,Debit Card
ORD01692,2024-09-05,CUST0009,South,Furniture,Cabinet,6,1132.39,0.05,6454.62,4523.21,1931.41,Net Banking
ORD01693,2025-06-11,CUST0075,South,Accessories,Mouse,4,597.45,0.07,2222.51,1570.25,652.26,Net Banking
ORD01694,2025-12-31,CUST0059,West,Office Supplies,Notebook,2,1192.11,0.19,1931.22,1191.01,740.21,Debit Card
ORD01695,2024-08-08,CUST0362,North,Electronics,Headphones,6,488.46,0.16,2461.84,1484.03,977.81,UPI
ORD01696,2025-07-06,CUST0069,West,Accessories,USB Hub,1,797.09,0.02,781.15,580.43,200.72,Net Banking
ORD01697,2025-11-20,CUST0145,West,Electronics,Headphones,9,1053.38,0.23,7299.92,5358.2,1941.72,Debit Card
ORD01698,2024-04-14,CUST0275,South,Office Supplies,Printer Paper,8,342.34,0.08,2519.62,1688.08,831.54,Net Banking
ORD01699,2024-09-19,CUST0006,Central,Electronics,Keyboard,2,1106.54,0.24,1681.94,806.01,875.93,Credit Card
ORD01700,2025-11-16,CUST0455,West,Accessories,Webcam,1,1344.17,0.06,1263.52,608.96,654.56,Credit Card
ORD01701,2024-08-15,CUST0145,Central,Electronics,Keyboard,9,222.86,0.04,1925.51,903.15,1022.36,Net Banking
ORD01702,2024-06-13,CUST0221,Central,Furniture,Chair,8,780.78,0.09,5684.08,4010.51,1673.57,Credit Card
ORD01703,2025-10-18,CUST0127,South,Office Supplies,Pen Set,4,827.64,0.16,2780.87,2161.67,619.2,UPI
ORD01704,2025-04-21,CUST0498,South,Office Supplies,Stapler,1,924.73,0.04,887.74,516.36,371.38,Debit Card
ORD01705,2024-09-02,CUST0303,Central,Office Supplies,Printer Paper,5,928.89,0.05,4412.23,2209.53,2202.7,Net Banking
ORD01706,2025-03-22,CUST0270,East,Accessories,USB Hub,4,47.11,0.1,169.6,117.36,52.24,UPI
ORD01707,2025-03-28,CUST0263,North,Office Supplies,Printer Paper,2,453.23,0.04,870.2,632.68,237.52,Credit Card
ORD01708,2024-04-06,CUST0488,North,Furniture,Bookshelf,6,1239.22,0.12,6543.08,4487.96,2055.12,Credit Card
ORD01709,2024-01-29,CUST0102,East,Accessories,Webcam,5,1152.3,0.04,5531.04,3636.49,1894.55,Debit Card
ORD01710,2025-11-06,CUST0465,Central,Furniture,Bookshelf,6,1130.52,0.15,5765.65,2797.52,2968.13,Credit Card
ORD01711,2024-01-06,CUST0379,South,Electronics,Keyboard,4,284.34,0.25,853.02,496.16,356.86,Debit Card
ORD01712,2025-02-02,CUST0172,South,Electronics,Headphones,7,335.98,0.07,2187.23,1638.43,548.8,Debit Card
ORD01713,2025-09-12,CUST0467,Central,Electronics,Monitor,4,575.74,0.03,2233.87,1280.83,953.04,UPI
ORD01714,2025-11-21,CUST0060,South,Electronics,Headphones,4,991.8,0.23,3054.74,1802.93,1251.81,Credit Card
ORD01715,2024-04-22,CUST0245,North,Furniture,Bookshelf,3,693.42,0.04,1997.05,1213.02,784.03,UPI
ORD01716,2025-06-02,CUST0092,North,Accessories,Mouse,2,815.66,0.12,1435.56,1049.17,386.39,UPI
ORD01717,2025-05-17,CUST0146,Central,Accessories,USB Hub,6,327.67,0.2,1572.82,1051.56,521.26,Net Banking
ORD01718,2024-05-15,CUST0277,Central,Office Supplies,Notebook,5,1176.05,0.03,5703.84,4269.83,1434.01,UPI
ORD01719,2024-04-06,CUST0161,South,Furniture,Desk,3,1246.34,0.11,3327.73,1569.45,1758.28,Net Banking
ORD01720,2025-05-12,CUST0336,West,Electronics,Headphones,5,942.42,0.17,3911.04,2508.07,1402.97,Net Banking
ORD01721,2024-05-06,CUST0202,North,Furniture,Chair,9,1196.2,0.24,8182.01,3887.77,4294.24,UPI
ORD01722,2024-11-06,CUST0412,West,Office Supplies,Printer Paper,8,228.43,0.02,1790.89,1157.96,632.93,UPI
ORD01723,2025-01-28,CUST0021,Central,Office Supplies,Printer Paper,4,750.82,0.22,2342.56,1781.64,560.92,UPI
ORD01724,2024-08-21,CUST0121,South,Furniture,Bookshelf,8,1364.74,0.07,10153.67,7765.52,2388.15,Net Banking
ORD01725,2025-05-10,CUST0010,North,Furniture,Cabinet,6,502.25,0.14,2591.61,1431.45,1160.16,Debit Card
ORD01726,2025-10-07,CUST0399,Central,Furniture,Chair,3,1261.49,0.09,3443.87,2191.19,1252.68,UPI
ORD01727,2024-02-13,CUST0308,East,Accessories,Mouse,6,1073.18,0.23,4958.09,2662.39,2295.7,Net Banking
ORD01728,2025-10-29,CUST0178,East,Electronics,Headphones,4,1205.03,0.11,4289.91,3157.88,1132.03,Net Banking
ORD01729,2025-01-15,CUST0486,West,Furniture,Cabinet,6,562.73,0.16,2836.16,1340.72,1495.44,Credit Card
ORD01730,2024-02-20,CUST0309,South,Furniture,Bookshelf,9,1028.88,0.05,8796.92,4298.79,4498.13,Net Banking
ORD01731,2025-06-16,CUST0108,West,Furniture,Desk,8,146.35,0.11,1042.01,778.69,263.32,Credit Card
ORD01732,2024-11-03,CUST0102,North,Office Supplies,Stapler,7,1065.91,0.24,5670.64,4324.42,1346.22,UPI
ORD01733,2024-01-02,CUST0119,East,Office Supplies,Pen Set,5,60.89,0.21,240.52,125.03,115.49,Debit Card
ORD01734,2025-02-01,CUST0496,West,Accessories,Mouse,7,371.68,0.13,2263.53,1752.37,511.16,Credit Card
ORD01735,2024-04-22,CUST0286,South,Electronics,Laptop,6,258.06,0.16,1300.62,609.16,691.46,UPI
ORD01736,2025-02-10,CUST0180,South,Accessories,Laptop Stand,7,158.02,0.23,851.73,485.82,365.91,Credit Card
ORD01737,2024-01-14,CUST0099,North,Electronics,Laptop,4,56.49,0.23,173.99,109.86,64.13,Net Banking
ORD01738,2025-02-19,CUST0137,South,Office Supplies,Notebook,2,249.86,0.01,494.72,394.02,100.7,UPI
ORD01739,2024-04-21,CUST0451,East,Office Supplies,Pen Set,4,565.64,0.0,2262.56,1563.89,698.67,Credit Card
ORD01740,2024-09-25,CUST0236,Central,Office Supplies,Printer Paper,8,1108.07,0.05,8421.33,6285.05,2136.28,Credit Card
ORD01741,2024-10-19,CUST0031,South,Accessories,Mouse,3,1441.11,0.07,4020.7,2156.22,1864.48,Debit Card
ORD01742,2025-07-09,CUST0082,South,Furniture,Bookshelf,7,1019.52,0.14,6137.51,2769.42,3368.09,Debit Card
ORD01743,2024-08-18,CUST0497,North,Furniture,Bookshelf,1,1026.02,0.07,954.2,588.22,365.98,UPI
ORD01744,2024-02-02,CUST0260,East,Office Supplies,Stapler,1,1134.13,0.09,1032.06,726.8,305.26,Net Banking
ORD01745,2024-03-29,CUST0466,South,Furniture,Desk,8,327.37,0.23,2016.6,1030.87,985.73,Net Banking
ORD01746,2025-02-09,CUST0026,East,Furniture,Chair,5,1392.9,0.1,6268.05,5011.91,1256.14,Net Banking
ORD01747,2024-07-09,CUST0461,West,Accessories,Laptop Stand,7,384.22,0.14,2313.0,1379.1,933.9,Net Banking
ORD01748,2024-06-19,CUST0415,West,Electronics,Headphones,9,555.24,0.15,4247.59,2818.25,1429.34,Net Banking
ORD01749,2025-03-19,CUST0434,West,Office Supplies,Notebook,5,617.52,0.22,2408.33,1236.37,1171.96,Credit Card
ORD01750,2025-10-08,CUST0204,South,Office Supplies,Stapler,2,420.22,0.17,697.57,375.79,321.78,UPI
ORD01751,2025-02-10,CUST0220,West,Accessories,Webcam,3,166.55,0.19,404.72,266.61,138.11,Credit Card
ORD01752,2024-06-16,CUST0368,Central,Accessories,USB Hub,3,1361.98,0.25,3064.45,1555.02,1509.43,UPI
ORD01753,2024-02-18,CUST0032,Central,Furniture,Desk,4,654.4,0.21,2067.9,1485.12,582.78,Debit Card
ORD01754,2025-06-09,CUST0349,South,Office Supplies,Notebook,6,1365.38,0.24,6226.13,3180.14,3045.99,UPI
ORD01755,2024-05-21,CUST0100,South,Electronics,Monitor,8,729.33,0.18,4784.4,3102.28,1682.12,Net Banking
ORD01756,2024-11-24,CUST0047,North,Accessories,USB Hub,3,1400.02,0.04,4032.06,2791.47,1240.59,Debit Card
ORD01757,2025-10-24,CUST0021,South,Electronics,Keyboard,4,273.84,0.14,942.01,655.8,286.21,Net Banking
ORD01758,2025-03-29,CUST0471,Central,Electronics,Monitor,2,629.7,0.16,1057.9,844.49,213.41,UPI
ORD01759,2025-05-24,CUST0155,West,Office Supplies,Pen Set,8,1430.51,0.07,10642.99,6212.44,4430.55,Debit Card
ORD01760,2025-04-27,CUST0324,West,Office Supplies,Printer Paper,9,570.84,0.17,4264.17,3298.76,965.41,Credit Card
ORD01761,2024-09-04,CUST0390,West,Accessories,Mouse,6,377.37,0.02,2218.94,1137.95,1080.99,UPI
ORD01762,2024-09-01,CUST0448,Central,Office Supplies,Pen Set,9,815.72,0.15,6240.26,3995.15,2245.11,UPI
ORD01763,2025-12-15,CUST0141,East,Office Supplies,Printer Paper,2,851.22,0.17,1413.03,899.03,514.0,Credit Card
ORD01764,2024-10-01,CUST0183,Central,Office Supplies,Pen Set,9,344.66,0.18,2543.59,1818.97,724.62,Credit Card
ORD01765,2024-08-24,CUST0381,Central,Electronics,Headphones,6,539.89,0.14,2785.83,2099.92,685.91,Credit Card
ORD01766,2024-07-21,CUST0329,West,Accessories,Webcam,6,644.0,0.1,3477.6,2765.63,711.97,Credit Card
ORD01767,2025-10-04,CUST0195,Central,Furniture,Chair,1,1277.96,0.25,958.47,601.78,356.69,Credit Card
ORD01768,2024-10-01,CUST0052,East,Electronics,Keyboard,1,167.33,0.08,153.94,96.26,57.68,UPI
ORD01769,2024-09-24,CUST0138,South,Office Supplies,Printer Paper,4,1019.21,0.04,3913.77,2021.14,1892.63,Debit Card
ORD01770,2024-06-04,CUST0085,South,Electronics,Keyboard,4,314.66,0.24,956.57,685.42,271.15,Debit Card
ORD01771,2024-07-13,CUST0042,West,Office Supplies,Printer Paper,9,669.37,0.06,5662.87,3364.61,2298.26,Debit Card
ORD01772,2024-01-09,CUST0475,South,Office Supplies,Stapler,4,89.02,0.11,316.91,234.39,82.52,Debit Card
ORD01773,2025-11-19,CUST0457,Central,Electronics,Headphones,8,370.65,0.17,2461.12,1947.45,513.67,UPI
ORD01774,2025-09-28,CUST0112,North,Accessories,Webcam,1,609.98,0.08,561.18,338.22,222.96,Debit Card
ORD01775,2025-01-01,CUST0082,West,Office Supplies,Stapler,7,1098.67,0.11,6844.71,3891.38,2953.33,UPI
ORD01776,2024-09-20,CUST0110,East,Accessories,Laptop Stand,7,533.35,0.01,3696.12,1904.41,1791.71,UPI
ORD01777,2024-12-04,CUST0299,Central,Furniture,Cabinet,2,1080.99,0.15,1837.68,1443.58,394.1,Debit Card
ORD01778,2025-01-21,CUST0279,East,Office Supplies,Pen Set,2,503.69,0.04,967.08,638.72,328.36,Debit Card
ORD01779,2025-09-24,CUST0346,West,Accessories,Webcam,4,232.26,0.23,715.36,365.59,349.77,Credit Card
ORD01780,2025-02-21,CUST0242,East,Accessories,Laptop Stand,8,1321.01,0.1,9511.27,5250.5,4260.77,Net Banking
ORD01781,2024-11-06,CUST0375,South,Furniture,Bookshelf,7,21.97,0.08,141.49,74.56,66.93,Credit Card
ORD01782,2024-04-21,CUST0175,West,Accessories,Webcam,9,979.67,0.17,7318.13,5553.67,1764.46,Net Banking
ORD01783,2024-05-03,CUST0128,Central,Accessories,Webcam,2,707.12,0.01,1400.1,699.13,700.97,Net Banking
ORD01784,2024-05-16,CUST0247,North,Furniture,Desk,4,357.01,0.02,1399.48,842.06,557.42,Credit Card
ORD01785,2024-08-15,CUST0298,East,Office Supplies,Printer Paper,9,435.08,0.17,3250.05,2517.81,732.24,Debit Card
ORD01786,2024-10-27,CUST0199,East,Accessories,USB Hub,9,984.34,0.21,6998.66,4274.51,2724.15,Net Banking
ORD01787,2024-04-21,CUST0349,North,Accessories,Webcam,1,291.46,0.22,227.34,177.01,50.33,Debit Card
ORD01788,2024-01-08,CUST0172,South,Accessories,Webcam,5,386.61,0.1,1739.75,816.59,923.16,Net Banking
ORD01789,2024-06-06,CUST0066,Central,Electronics,Keyboard,3,457.02,0.05,1302.51,752.1,550.41,UPI
ORD01790,2025-02-07,CUST0261,South,Furniture,Bookshelf,5,973.48,0.01,4818.73,3390.56,1428.17,Net Banking
ORD01791,2024-01-02,CUST0212,West,Electronics,Keyboard,2,400.97,0.1,721.75,414.76,306.99,Net Banking
ORD01792,2025-03-04,CUST0375,Central,Furniture,Desk,8,263.11,0.21,1662.86,1221.11,441.75,Debit Card
ORD01793,2025-06-10,CUST0489,North,Office Supplies,Pen Set,2,46.0,0.15,78.2,47.72,30.48,UPI
ORD01794,2024-01-18,CUST0064,South,Office Supplies,Printer Paper,6,958.99,0.19,4660.69,2234.02,2426.67,Debit Card
ORD01795,2025-04-19,CUST0320,Central,Accessories,Webcam,1,476.74,0.15,405.23,208.62,196.61,Debit Card
ORD01796,2025-08-10,CUST0019,North,Furniture,Chair,7,618.69,0.14,3724.51,2898.82,825.69,Debit Card
ORD01797,2024-01-15,CUST0028,West,Office Supplies,Notebook,2,568.92,0.18,933.03,553.97,379.06,Net Banking
ORD01798,2024-02-08,CUST0038,West,Furniture,Bookshelf,1,414.49,0.09,377.19,255.42,121.77,UPI
ORD01799,2024-11-04,CUST0262,Central,Office Supplies,Notebook,5,963.17,0.2,3852.68,2677.3,1175.38,Debit Card
ORD01800,2025-05-15,CUST0175,Central,Electronics,Laptop,5,776.36,0.18,3183.08,1963.63,1219.45,Net Banking
ORD01801,2024-09-22,CUST0141,West,Office Supplies,Notebook,2,429.63,0.18,704.59,411.75,292.84,Debit Card
ORD01802,2025-10-09,CUST0405,Central,Electronics,Monitor,9,849.14,0.05,7260.15,5561.2,1698.95,Debit Card
ORD01803,2025-12-02,CUST0073,Central,Office Supplies,Printer Paper,1,594.28,0.12,522.97,289.38,233.59,UPI
ORD01804,2024-12-06,CUST0146,South,Accessories,Webcam,5,1371.09,0.19,5552.91,2940.23,2612.68,Debit Card
ORD01805,2024-07-25,CUST0018,East,Electronics,Laptop,7,902.32,0.22,4926.67,2513.54,2413.13,Net Banking
ORD01806,2024-08-26,CUST0334,Central,Office Supplies,Pen Set,4,452.23,0.15,1537.58,706.71,830.87,UPI
ORD01807,2025-11-04,CUST0092,East,Accessories,Laptop Stand,1,328.41,0.11,292.28,136.84,155.44,Credit Card
ORD01808,2025-10-26,CUST0156,West,Electronics,Keyboard,9,514.09,0.12,4071.59,1870.37,2201.22,Debit Card
ORD01809,2024-11-21,CUST0078,East,Accessories,Webcam,2,1299.89,0.17,2157.82,977.14,1180.68,Net Banking
ORD01810,2024-03-03,CUST0297,Central,Furniture,Desk,3,371.22,0.11,991.16,743.01,248.15,UPI
ORD01811,2025-06-16,CUST0399,East,Furniture,Desk,4,576.31,0.23,1775.03,857.45,917.58,Debit Card
ORD01812,2025-09-13,CUST0413,South,Electronics,Headphones,7,768.39,0.01,5324.94,3601.92,1723.02,Debit Card
ORD01813,2024-03-31,CUST0301,West,Office Supplies,Printer Paper,6,494.27,0.05,2817.34,2110.53,706.81,Credit Card
ORD01814,2025-06-21,CUST0028,West,Electronics,Keyboard,9,833.51,0.12,6601.4,5114.4,1487.0,UPI
ORD01815,2025-02-26,CUST0100,East,Accessories,Laptop Stand,3,1496.17,0.24,3411.27,2336.14,1075.13,Debit Card
ORD01816,2025-06-20,CUST0228,North,Office Supplies,Pen Set,3,108.27,0.08,298.83,238.14,60.69,Net Banking
ORD01817,2024-04-20,CUST0277,South,Furniture,Bookshelf,5,701.78,0.06,3298.37,1917.01,1381.36,Debit Card
ORD01818,2024-06-28,CUST0421,North,Office Supplies,Notebook,6,1313.25,0.01,7800.7,5937.9,1862.8,UPI
ORD01819,2024-03-19,CUST0150,North,Furniture,Chair,3,535.15,0.03,1557.29,1084.58,472.71,UPI
ORD01820,2025-12-14,CUST0468,North,Office Supplies,Stapler,5,299.59,0.19,1213.34,584.6,628.74,Credit Card
ORD01821,2025-04-10,CUST0263,West,Office Supplies,Printer Paper,6,487.9,0.12,2576.11,1893.23,682.88,Debit Card
ORD01822,2025-11-30,CUST0123,West,Office Supplies,Stapler,3,926.15,0.07,2583.96,1753.85,830.11,UPI
ORD01823,2025-05-09,CUST0110,South,Accessories,Laptop Stand,3,1492.85,0.1,4030.69,2714.22,1316.47,Net Banking
ORD01824,2025-04-19,CUST0023,West,Accessories,Webcam,2,551.22,0.1,992.2,760.97,231.23,UPI
ORD01825,2025-04-27,CUST0132,Central,Electronics,Monitor,7,251.14,0.03,1705.24,1175.24,530.0,UPI
ORD01826,2025-09-05,CUST0337,East,Electronics,Monitor,3,966.7,0.14,2494.09,1220.9,1273.19,UPI
ORD01827,2025-10-17,CUST0184,Central,Furniture,Desk,5,1031.92,0.06,4850.02,2900.58,1949.44,UPI
ORD01828,2024-07-30,CUST0488,North,Accessories,USB Hub,2,217.67,0.12,383.1,272.52,110.58,Credit Card
ORD01829,2025-09-03,CUST0214,South,Furniture,Cabinet,4,69.67,0.12,245.24,135.95,109.29,UPI
ORD01830,2024-11-27,CUST0431,North,Electronics,Keyboard,8,1017.14,0.15,6916.55,3229.47,3687.08,UPI
ORD01831,2025-05-23,CUST0447,South,Furniture,Chair,5,1405.39,0.23,5410.75,3463.68,1947.07,UPI
ORD01832,2024-01-15,CUST0235,West,Electronics,Monitor,5,1017.55,0.03,4935.12,3005.1,1930.02,Debit Card
ORD01833,2025-04-16,CUST0028,Central,Accessories,Laptop Stand,2,519.58,0.12,914.46,627.45,287.01,Debit Card
ORD01834,2024-10-05,CUST0283,East,Office Supplies,Notebook,9,829.17,0.14,6417.78,4512.83,1904.95,UPI
ORD01835,2024-07-05,CUST0428,South,Accessories,Mouse,6,921.18,0.17,4587.48,2820.99,1766.49,Debit Card
ORD01836,2025-01-25,CUST0137,East,Furniture,Bookshelf,9,1346.1,0.22,9449.62,4794.87,4654.75,Debit Card
ORD01837,2025-05-07,CUST0398,North,Furniture,Desk,2,1458.94,0.14,2509.38,1457.05,1052.33,UPI
ORD01838,2024-09-25,CUST0133,South,Accessories,Webcam,2,1413.0,0.21,2232.54,1663.88,568.66,UPI
ORD01839,2025-04-07,CUST0057,North,Accessories,Webcam,8,20.95,0.12,147.49,91.49,56.0,Net Banking
ORD01840,2024-10-19,CUST0335,West,Electronics,Laptop,2,146.78,0.24,223.11,123.18,99.93,UPI
ORD01841,2025-10-03,CUST0255,North,Furniture,Desk,1,656.7,0.15,558.2,399.18,159.02,UPI
ORD01842,2025-12-04,CUST0136,East,Furniture,Cabinet,4,480.35,0.08,1767.69,936.58,831.11,UPI
ORD01843,2024-09-01,CUST0048,Central,Accessories,Laptop Stand,2,1350.56,0.03,2620.09,1310.05,1310.04,Debit Card
ORD01844,2025-09-29,CUST0302,North,Office Supplies,Pen Set,4,775.79,0.1,2792.84,1471.01,1321.83,Net Banking
ORD01845,2025-01-08,CUST0196,East,Furniture,Desk,3,390.3,0.05,1112.36,553.49,558.87,UPI
ORD01846,2025-02-24,CUST0269,North,Office Supplies,Stapler,8,1309.33,0.07,9741.42,4659.36,5082.06,UPI
ORD01847,2024-08-03,CUST0284,East,Accessories,Laptop Stand,7,491.9,0.25,2582.47,1775.32,807.15,Debit Card
ORD01848,2024-04-04,CUST0434,West,Accessories,Webcam,2,388.37,0.06,730.14,377.82,352.32,Credit Card
ORD01849,2024-08-13,CUST0145,North,Electronics,Keyboard,7,1232.52,0.19,6988.39,5438.33,1550.06,Net Banking
ORD01850,2024-05-14,CUST0493,Central,Furniture,Chair,6,1294.09,0.12,6832.8,3138.97,3693.83,Credit Card
ORD01851,2025-12-17,CUST0017,West,Office Supplies,Pen Set,2,1157.01,0.2,1851.22,1402.79,448.43,UPI
ORD01852,2024-05-25,CUST0050,North,Electronics,Laptop,2,1390.7,0.05,2642.33,1425.47,1216.86,Credit Card
ORD01853,2024-08-10,CUST0236,North,Furniture,Bookshelf,9,145.44,0.19,1060.26,734.44,325.82,Net Banking
ORD01854,2024-09-08,CUST0500,South,Electronics,Laptop,2,205.4,0.15,349.18,181.51,167.67,Debit Card
ORD01855,2024-09-24,CUST0126,North,Accessories,Webcam,3,1278.87,0.0,3836.61,1775.66,2060.95,Debit Card
ORD01856,2025-11-18,CUST0067,South,Furniture,Bookshelf,5,659.44,0.13,2868.56,1564.98,1303.58,Net Banking
ORD01857,2025-10-11,CUST0179,Central,Electronics,Keyboard,9,891.78,0.06,7544.46,4078.91,3465.55,Debit Card
ORD01858,2025-07-29,CUST0367,South,Electronics,Keyboard,4,385.82,0.24,1172.89,690.84,482.05,Net Banking
ORD01859,2025-11-03,CUST0215,West,Office Supplies,Stapler,3,71.42,0.12,188.55,111.16,77.39,Credit Card
ORD01860,2025-02-19,CUST0467,North,Electronics,Laptop,1,658.54,0.03,638.78,310.44,328.34,UPI
ORD01861,2024-03-11,CUST0384,Central,Furniture,Cabinet,3,1470.98,0.09,4015.78,1842.98,2172.8,Debit Card
ORD01862,2024-06-13,CUST0215,East,Furniture,Cabinet,5,220.48,0.21,870.9,672.92,197.98,Debit Card
ORD01863,2024-06-16,CUST0483,South,Office Supplies,Notebook,5,909.25,0.04,4364.4,2285.68,2078.72,Debit Card
ORD01864,2024-04-29,CUST0123,Central,Furniture,Cabinet,3,478.33,0.07,1334.54,743.38,591.16,Credit Card
ORD01865,2024-12-28,CUST0109,Central,Accessories,Mouse,6,862.38,0.13,4501.62,3056.87,1444.75,Net Banking
ORD01866,2025-10-29,CUST0415,Central,Furniture,Desk,8,1427.53,0.12,10049.81,6162.21,3887.6,Debit Card
ORD01867,2025-10-27,CUST0221,North,Furniture,Chair,1,39.9,0.05,37.9,26.11,11.79,Debit Card
ORD01868,2024-08-02,CUST0395,South,Electronics,Keyboard,9,1397.92,0.14,10819.9,7506.72,3313.18,Net Banking
ORD01869,2025-02-16,CUST0221,West,Electronics,Monitor,9,397.23,0.2,2860.06,1906.26,953.8,Debit Card
ORD01870,2024-03-05,CUST0190,East,Furniture,Cabinet,3,1384.33,0.01,4111.46,3082.14,1029.32,Debit Card
ORD01871,2025-01-22,CUST0401,Central,Office Supplies,Notebook,7,92.61,0.03,628.82,398.45,230.37,Credit Card
ORD01872,2025-10-11,CUST0486,Central,Electronics,Laptop,6,90.76,0.06,511.89,256.01,255.88,Net Banking
ORD01873,2025-12-27,CUST0272,North,Office Supplies,Stapler,5,111.55,0.19,451.78,207.1,244.68,UPI
ORD01874,2024-03-29,CUST0100,North,Furniture,Chair,6,478.47,0.22,2239.24,1271.71,967.53,Debit Card
ORD01875,2024-07-15,CUST0274,Central,Furniture,Desk,5,432.68,0.02,2120.13,1110.54,1009.59,Net Banking
ORD01876,2024-10-13,CUST0307,East,Accessories,USB Hub,8,529.77,0.05,4026.25,3010.62,1015.63,Net Banking
ORD01877,2025-04-13,CUST0297,Central,Electronics,Laptop,5,1078.48,0.02,5284.55,4074.45,1210.1,Credit Card
ORD01878,2025-09-07,CUST0436,West,Furniture,Chair,8,424.61,0.14,2921.32,2269.06,652.26,Net Banking
ORD01879,2025-04-10,CUST0220,East,Accessories,Mouse,4,987.08,0.17,3277.11,2260.61,1016.5,UPI
ORD01880,2024-08-21,CUST0214,North,Electronics,Monitor,2,1121.37,0.19,1816.62,1231.11,585.51,Credit Card
ORD01881,2024-05-14,CUST0083,North,Furniture,Bookshelf,3,1267.22,0.06,3573.56,1964.19,1609.37,Credit Card
ORD01882,2025-05-15,CUST0383,East,Furniture,Desk,3,65.73,0.05,187.33,101.84,85.49,Net Banking
ORD01883,2025-09-21,CUST0250,East,Electronics,Headphones,5,838.71,0.05,3983.87,2192.93,1790.94,UPI
ORD01884,2024-03-27,CUST0479,Central,Electronics,Keyboard,2,740.67,0.2,1185.07,913.33,271.74,Credit Card
ORD01885,2025-11-08,CUST0297,South,Electronics,Headphones,3,1471.76,0.23,3399.77,2406.76,993.01,UPI
ORD01886,2024-06-10,CUST0430,Central,Furniture,Desk,7,1417.51,0.0,9922.57,7817.85,2104.72,Credit Card
ORD01887,2024-10-05,CUST0430,North,Furniture,Desk,3,340.8,0.15,869.04,496.95,372.09,Debit Card
ORD01888,2025-11-28,CUST0057,North,Accessories,USB Hub,1,744.38,0.12,655.05,312.54,342.51,Debit Card
ORD01889,2025-10-26,CUST0426,Central,Office Supplies,Notebook,5,625.33,0.13,2720.19,1352.5,1367.69,Debit Card
ORD01890,2025-07-03,CUST0020,North,Electronics,Laptop,6,128.96,0.05,735.07,417.7,317.37,UPI
ORD01891,2025-10-08,CUST0255,Central,Furniture,Desk,8,412.72,0.08,3037.62,1950.26,1087.36,Debit Card
ORD01892,2025-09-21,CUST0378,South,Furniture,Bookshelf,5,1237.35,0.1,5568.07,4424.61,1143.46,Net Banking
ORD01893,2025-08-22,CUST0203,North,Electronics,Laptop,3,721.06,0.19,1752.18,1328.33,423.85,UPI
ORD01894,2024-05-09,CUST0463,Central,Office Supplies,Pen Set,1,331.76,0.14,285.31,146.35,138.96,Net Banking
ORD01895,2024-07-29,CUST0146,West,Electronics,Monitor,1,955.95,0.15,812.56,399.99,412.57,Debit Card
ORD01896,2025-09-09,CUST0172,West,Office Supplies,Pen Set,1,1204.92,0.24,915.74,480.92,434.82,Debit Card
ORD01897,2025-05-26,CUST0088,North,Furniture,Desk,4,181.6,0.04,697.34,323.89,373.45,Debit Card
ORD01898,2024-11-15,CUST0008,North,Office Supplies,Stapler,8,1048.02,0.18,6875.01,4447.76,2427.25,Credit Card
ORD01899,2025-10-04,CUST0452,Central,Accessories,Laptop Stand,2,1055.08,0.18,1730.33,954.53,775.8,Debit Card
ORD01900,2025-02-23,CUST0280,North,Furniture,Bookshelf,3,183.54,0.21,434.99,287.51,147.48,Debit Card
ORD01901,2024-02-02,CUST0299,East,Accessories,USB Hub,6,125.71,0.12,663.75,339.44,324.31,Credit Card
ORD01902,2024-07-27,CUST0271,Central,Electronics,Keyboard,4,1017.15,0.18,3336.25,2307.66,1028.59,Credit Card
ORD01903,2024-11-23,CUST0098,South,Electronics,Headphones,6,62.63,0.1,338.2,203.51,134.69,Credit Card
ORD01904,2024-08-15,CUST0483,West,Electronics,Monitor,6,486.62,0.02,2861.33,1975.43,885.9,Debit Card
ORD01905,2025-08-17,CUST0427,Central,Office Supplies,Printer Paper,5,714.48,0.13,3107.99,2090.81,1017.18,UPI
ORD01906,2024-02-27,CUST0073,West,Furniture,Chair,8,251.82,0.16,1692.23,1278.49,413.74,Debit Card
ORD01907,2024-01-19,CUST0113,West,Electronics,Keyboard,9,1323.26,0.15,10122.94,7604.91,2518.03,Net Banking
ORD01908,2024-02-12,CUST0313,South,Electronics,Laptop,2,1030.58,0.22,1607.7,910.6,697.1,Credit Card
ORD01909,2025-07-20,CUST0038,East,Furniture,Cabinet,8,541.64,0.19,3509.83,1616.8,1893.03,Credit Card
ORD01910,2024-11-03,CUST0004,East,Electronics,Headphones,9,887.82,0.02,7830.57,4230.5,3600.07,Net Banking
ORD01911,2025-02-22,CUST0472,West,Accessories,Webcam,9,533.81,0.14,4131.69,2485.97,1645.72,Credit Card
ORD01912,2025-07-01,CUST0171,East,Furniture,Cabinet,1,46.94,0.03,45.53,28.39,17.14,UPI
ORD01913,2025-08-22,CUST0399,North,Furniture,Bookshelf,1,932.23,0.06,876.3,560.69,315.61,Net Banking
ORD01914,2025-08-02,CUST0366,East,Furniture,Chair,6,1221.67,0.2,5864.02,3957.93,1906.09,Credit Card
ORD01915,2025-10-20,CUST0430,East,Accessories,Mouse,9,77.43,0.24,529.62,246.91,282.71,Debit Card
ORD01916,2025-04-09,CUST0061,West,Furniture,Chair,3,251.63,0.06,709.6,440.65,268.95,UPI
ORD01917,2025-12-07,CUST0034,South,Accessories,Mouse,7,786.91,0.13,4792.28,3061.32,1730.96,Credit Card
ORD01918,2024-06-03,CUST0165,South,Furniture,Desk,6,164.55,0.03,957.68,667.23,290.45,Debit Card
ORD01919,2024-02-09,CUST0310,Central,Office Supplies,Stapler,9,1464.32,0.23,10147.74,5532.15,4615.59,UPI
ORD01920,2024-07-18,CUST0199,West,Electronics,Keyboard,4,1334.88,0.21,4218.22,2538.01,1680.21,Debit Card
ORD01921,2024-08-14,CUST0127,South,Office Supplies,Notebook,3,279.58,0.13,729.7,437.01,292.69,Credit Card
ORD01922,2024-09-08,CUST0394,South,Electronics,Laptop,8,1433.82,0.07,10667.62,5879.42,4788.2,Net Banking
ORD01923,2025-02-23,CUST0049,East,Accessories,Mouse,9,658.79,0.21,4684.0,2883.93,1800.07,UPI
ORD01924,2024-04-30,CUST0124,Central,Office Supplies,Stapler,7,109.96,0.22,600.38,334.14,266.24,Credit Card
ORD01925,2025-07-29,CUST0299,South,Furniture,Cabinet,7,1054.16,0.17,6124.67,3841.29,2283.38,Credit Card
ORD01926,2025-08-22,CUST0482,South,Electronics,Laptop,4,1425.89,0.01,5646.52,2816.56,2829.96,Net Banking
ORD01927,2025-10-24,CUST0438,South,Electronics,Keyboard,1,1467.4,0.18,1203.27,891.61,311.66,Credit Card
ORD01928,2024-02-19,CUST0314,Central,Office Supplies,Printer Paper,3,353.14,0.13,921.7,639.21,282.49,UPI
ORD01929,2024-09-25,CUST0429,East,Accessories,USB Hub,6,200.87,0.11,1072.65,645.62,427.03,Net Banking
ORD01930,2025-07-13,CUST0018,East,Office Supplies,Printer Paper,7,373.28,0.06,2456.18,1444.98,1011.2,Debit Card
ORD01931,2025-09-28,CUST0116,Central,Accessories,Laptop Stand,3,92.29,0.22,215.96,103.22,112.74,Debit Card
ORD01932,2025-10-25,CUST0182,South,Accessories,Mouse,4,1264.97,0.22,3946.71,1946.32,2000.39,UPI
ORD01933,2025-03-26,CUST0006,North,Electronics,Monitor,5,1115.89,0.11,4965.71,3778.45,1187.26,Net Banking
ORD01934,2024-10-30,CUST0467,North,Office Supplies,Printer Paper,8,697.29,0.08,5132.05,2637.93,2494.12,Net Banking
ORD01935,2025-10-17,CUST0335,South,Office Supplies,Pen Set,4,1086.59,0.11,3868.26,2885.14,983.12,UPI
ORD01936,2025-02-22,CUST0325,South,Accessories,USB Hub,6,156.26,0.01,928.18,677.89,250.29,Net Banking
ORD01937,2025-03-08,CUST0112,West,Office Supplies,Pen Set,5,52.62,0.01,260.47,192.62,67.85,Debit Card
ORD01938,2025-05-17,CUST0160,Central,Furniture,Chair,9,401.8,0.19,2929.12,2112.87,816.25,Net Banking
ORD01939,2025-05-07,CUST0066,East,Furniture,Bookshelf,8,275.05,0.21,1738.32,986.19,752.13,UPI
ORD01940,2025-11-10,CUST0263,Central,Office Supplies,Stapler,4,748.77,0.05,2845.33,1938.56,906.77,UPI
ORD01941,2024-01-03,CUST0214,East,Office Supplies,Printer Paper,8,903.38,0.23,5564.82,4296.77,1268.05,Net Banking
ORD01942,2024-04-17,CUST0408,Central,Accessories,Laptop Stand,7,35.55,0.19,201.57,98.23,103.34,Net Banking
ORD01943,2025-04-09,CUST0258,West,Furniture,Cabinet,7,97.04,0.01,672.49,403.79,268.7,Debit Card
ORD01944,2024-08-25,CUST0336,West,Furniture,Bookshelf,5,660.07,0.03,3201.34,1528.82,1672.52,Credit Card
ORD01945,2024-10-27,CUST0090,Central,Electronics,Headphones,7,676.09,0.01,4685.3,3001.78,1683.52,Debit Card
ORD01946,2024-06-22,CUST0090,Central,Accessories,USB Hub,7,1427.61,0.13,8694.14,5957.09,2737.05,UPI
ORD01947,2025-07-31,CUST0182,West,Electronics,Laptop,3,734.65,0.05,2093.75,1302.85,790.9,UPI
ORD01948,2024-08-29,CUST0491,North,Furniture,Bookshelf,9,543.25,0.18,4009.19,2424.5,1584.69,Net Banking
ORD01949,2024-11-18,CUST0336,South,Accessories,Webcam,3,648.16,0.04,1866.7,1383.04,483.66,Net Banking
ORD01950,2024-03-05,CUST0198,East,Office Supplies,Pen Set,7,268.92,0.04,1807.14,1131.6,675.54,UPI
ORD01951,2024-03-22,CUST0381,South,Accessories,USB Hub,5,628.19,0.15,2669.81,1794.74,875.07,Credit Card
ORD01952,2025-07-12,CUST0357,East,Office Supplies,Stapler,2,1478.45,0.09,2690.78,1504.66,1186.12,Debit Card
ORD01953,2025-11-30,CUST0058,East,Office Supplies,Printer Paper,9,1012.65,0.01,9022.71,5778.06,3244.65,Debit Card
ORD01954,2025-11-22,CUST0023,East,Accessories,Mouse,2,1211.81,0.03,2350.91,1402.39,948.52,Credit Card
ORD01955,2025-07-05,CUST0085,West,Office Supplies,Stapler,9,79.1,0.21,562.4,294.37,268.03,Net Banking
ORD01956,2025-02-13,CUST0403,West,Electronics,Monitor,8,381.77,0.15,2596.04,1457.8,1138.24,Net Banking
ORD01957,2025-04-23,CUST0281,Central,Furniture,Cabinet,7,509.44,0.0,3566.08,1673.44,1892.64,Net Banking
ORD01958,2025-05-03,CUST0177,East,Office Supplies,Notebook,7,555.15,0.23,2992.26,2006.95,985.31,Debit Card
ORD01959,2024-11-18,CUST0424,Central,Electronics,Laptop,2,579.97,0.21,916.35,483.18,433.17,Net Banking
ORD01960,2025-04-14,CUST0489,Central,Office Supplies,Pen Set,5,1182.73,0.24,4494.37,3402.0,1092.37,Credit Card
ORD01961,2025-10-12,CUST0341,West,Furniture,Chair,4,611.79,0.09,2226.92,1646.2,580.72,Credit Card
ORD01962,2024-07-23,CUST0449,South,Electronics,Keyboard,1,108.77,0.12,95.72,69.01,26.71,Credit Card
ORD01963,2024-05-14,CUST0142,South,Furniture,Desk,5,515.59,0.23,1985.02,1347.44,637.58,Net Banking
ORD01964,2025-08-01,CUST0004,North,Furniture,Bookshelf,5,1025.91,0.19,4154.94,2122.6,2032.34,Debit Card
ORD01965,2025-05-24,CUST0432,North,Electronics,Laptop,9,1279.15,0.06,10821.61,6411.61,4410.0,Net Banking
ORD01966,2024-08-09,CUST0440,South,Electronics,Laptop,8,111.72,0.12,786.51,581.77,204.74,Debit Card
ORD01967,2025-04-08,CUST0188,West,Electronics,Headphones,3,1336.14,0.19,3246.82,1928.71,1318.11,Credit Card
ORD01968,2025-02-05,CUST0274,Central,Accessories,Webcam,6,232.16,0.04,1337.24,678.65,658.59,Debit Card
ORD01969,2024-08-11,CUST0270,South,Electronics,Monitor,7,640.03,0.19,3628.97,2083.86,1545.11,Credit Card
ORD01970,2025-04-02,CUST0375,West,Electronics,Laptop,6,152.75,0.18,751.53,599.84,151.69,UPI
ORD01971,2025-02-11,CUST0158,East,Electronics,Keyboard,8,335.48,0.03,2603.32,1549.98,1053.34,Credit Card
ORD01972,2024-03-04,CUST0256,South,Electronics,Headphones,9,151.74,0.07,1270.06,912.89,357.17,Debit Card
ORD01973,2025-02-14,CUST0140,Central,Office Supplies,Stapler,2,1259.75,0.05,2393.53,1371.31,1022.22,Net Banking
ORD01974,2024-11-12,CUST0258,North,Accessories,Laptop Stand,3,532.67,0.09,1454.19,1106.72,347.47,Net Banking
ORD01975,2025-12-19,CUST0215,Central,Furniture,Chair,9,429.47,0.16,3246.79,1597.24,1649.55,Credit Card
ORD01976,2024-05-24,CUST0280,Central,Electronics,Monitor,7,1298.27,0.08,8360.86,4479.78,3881.08,Debit Card
ORD01977,2025-02-08,CUST0421,South,Office Supplies,Stapler,2,575.58,0.22,897.9,702.75,195.15,Credit Card
ORD01978,2025-03-03,CUST0296,Central,Office Supplies,Pen Set,5,343.29,0.14,1476.15,856.0,620.15,Credit Card
ORD01979,2025-10-10,CUST0321,East,Office Supplies,Printer Paper,4,784.44,0.12,2761.23,1670.67,1090.56,Net Banking
ORD01980,2024-03-23,CUST0031,South,Furniture,Cabinet,7,222.91,0.13,1357.52,680.2,677.32,Debit Card
ORD01981,2024-11-09,CUST0175,South,Electronics,Monitor,4,947.29,0.02,3713.38,2815.22,898.16,Net Banking
ORD01982,2024-03-15,CUST0344,South,Accessories,Laptop Stand,1,1311.33,0.13,1140.86,522.27,618.59,Debit Card
ORD01983,2025-11-21,CUST0366,East,Accessories,Webcam,7,472.67,0.01,3275.6,2248.6,1027.0,Debit Card
ORD01984,2024-12-21,CUST0071,South,Office Supplies,Stapler,3,1214.17,0.16,3059.71,1665.34,1394.37,Debit Card
ORD01985,2024-04-11,CUST0094,Central,Furniture,Cabinet,8,1491.87,0.0,11934.96,7630.28,4304.68,Credit Card
ORD01986,2024-07-13,CUST0454,East,Furniture,Desk,9,824.68,0.12,6531.47,3553.88,2977.59,Credit Card
ORD01987,2025-09-15,CUST0337,East,Furniture,Desk,8,474.79,0.13,3304.54,1642.37,1662.17,Debit Card
ORD01988,2024-08-13,CUST0272,North,Accessories,Laptop Stand,7,609.5,0.25,3199.88,1826.93,1372.95,Credit Card
ORD01989,2025-08-28,CUST0370,Central,Office Supplies,Pen Set,4,878.15,0.13,3055.96,2370.67,685.29,Debit Card
ORD01990,2025-09-13,CUST0069,South,Electronics,Headphones,5,257.63,0.17,1069.16,683.73,385.43,Debit Card
ORD01991,2024-05-11,CUST0044,East,Accessories,Webcam,2,1338.75,0.15,2275.88,1666.1,609.78,Net Banking
ORD01992,2024-02-20,CUST0137,North,Office Supplies,Stapler,5,1354.96,0.24,5148.85,3834.54,1314.31,Net Banking
ORD01993,2025-01-11,CUST0357,Central,Office Supplies,Pen Set,4,1162.4,0.13,4045.15,2683.53,1361.62,UPI
ORD01994,2025-08-17,CUST0423,East,Electronics,Laptop,9,76.88,0.14,595.05,350.75,244.3,Credit Card
ORD01995,2024-11-14,CUST0199,West,Electronics,Monitor,2,116.58,0.21,184.2,138.88,45.32,Debit Card
ORD01996,2025-01-22,CUST0077,South,Electronics,Laptop,9,412.42,0.0,3711.78,2293.49,1418.29,UPI
ORD01997,2025-04-05,CUST0138,North,Furniture,Bookshelf,5,1321.75,0.15,5617.44,3401.99,2215.45,Debit Card
ORD01998,2024-10-05,CUST0030,East,Electronics,Keyboard,5,477.2,0.11,2123.54,1486.6,636.94,UPI
ORD01999,2024-03-27,CUST0031,North,Office Supplies,Pen Set,5,449.11,0.05,2133.27,1263.41,869.86,Credit Card
ORD02000,2024-11-28,CUST0481,South,Electronics,Monitor,3,1411.72,0.04,4065.75,1930.87,2134.88,UPI
